{
  "type": "FeatureCollection",
  "crs": {
    "type": "name",
    "properties": {
      "name": "EPSG:4326"
    }
  },
  "features": [
    {
      "type": "Feature",
      "id": 51,
      "geometry": {
        "type": "Point",
        "coordinates": [
          100.69081534779214,
          13.732879136208222
        ]
      },
      "properties": {
        "OBJECTID": 51,
        "NAME": "สถานีบ้านทับช้าง",
        "COLOR_T": "สายแอร์พอร์ต เรล ลิงค์",
        "COLOR_E": "Airport Rail Link",
        "ROUTE": "พญาไท - สุวรรณภูมิ",
        "STATUS": "โครงข่ายปัจจุบันที่เปิดให้บริการแล้ว",
        "OWNER": "การรถไฟฟ้าขนส่งมวลชนแห่งประเทศไทย"
      }
    },
    {
      "type": "Feature",
      "id": 52,
      "geometry": {
        "type": "Point",
        "coordinates": [
          100.74855301688604,
          13.72769160401732
        ]
      },
      "properties": {
        "OBJECTID": 52,
        "NAME": "สถานีลาดกระบัง",
        "COLOR_T": "สายแอร์พอร์ต เรล ลิงค์",
        "COLOR_E": "Airport Rail Link",
        "ROUTE": "พญาไท - สุวรรณภูมิ",
        "STATUS": "โครงข่ายปัจจุบันที่เปิดให้บริการแล้ว",
        "OWNER": "การรถไฟฟ้าขนส่งมวลชนแห่งประเทศไทย"
      }
    },
    {
      "type": "Feature",
      "id": 53,
      "geometry": {
        "type": "Point",
        "coordinates": [
          100.7511932209504,
          13.69422050027411
        ]
      },
      "properties": {
        "OBJECTID": 53,
        "NAME": "สถานีสุวรรณภูมิ",
        "COLOR_T": "สายแอร์พอร์ต เรล ลิงค์",
        "COLOR_E": "Airport Rail Link",
        "ROUTE": "พญาไท - สุวรรณภูมิ",
        "STATUS": "โครงข่ายปัจจุบันที่เปิดให้บริการแล้ว",
        "OWNER": "การรถไฟฟ้าขนส่งมวลชนแห่งประเทศไทย"
      }
    },
    {
      "type": "Feature",
      "id": 54,
      "geometry": {
        "type": "Point",
        "coordinates": [
          100.56641458250678,
          13.824090572608279
        ]
      },
      "properties": {
        "OBJECTID": 54,
        "NAME": "สถานีพหลโยธิน 24",
        "COLOR_T": "สายสีเขียว",
        "COLOR_E": "Green Line",
        "ROUTE": "หมอชิต - สะพานใหม่",
        "STATUS": "โครงข่ายปัจจุบันที่เปิดให้บริการแล้ว",
        "OWNER": "การรถไฟฟ้าขนส่งมวลชนแห่งประเทศไทย"
      }
    },
    {
      "type": "Feature",
      "id": 55,
      "geometry": {
        "type": "Point",
        "coordinates": [
          100.56197315162315,
          13.816615936195724
        ]
      },
      "properties": {
        "OBJECTID": 55,
        "NAME": "สถานีห้าแยกลาดพร้าว",
        "COLOR_T": "สายสีเขียว",
        "COLOR_E": "Green Line",
        "ROUTE": "หมอชิต - สะพานใหม่",
        "STATUS": "โครงข่ายปัจจุบันที่เปิดให้บริการแล้ว",
        "OWNER": "การรถไฟฟ้าขนส่งมวลชนแห่งประเทศไทย"
      }
    },
    {
      "type": "Feature",
      "id": 56,
      "geometry": {
        "type": "Point",
        "coordinates": [
          100.56974665248215,
          13.829724451064227
        ]
      },
      "properties": {
        "OBJECTID": 56,
        "NAME": "สถานีรัชโยธิน",
        "COLOR_T": "สายสีเขียว",
        "COLOR_E": "Green Line",
        "ROUTE": "หมอชิต - สะพานใหม่",
        "STATUS": "โครงข่ายปัจจุบันที่เปิดให้บริการแล้ว",
        "OWNER": "การรถไฟฟ้าขนส่งมวลชนแห่งประเทศไทย"
      }
    },
    {
      "type": "Feature",
      "id": 57,
      "geometry": {
        "type": "Point",
        "coordinates": [
          100.57365403243207,
          13.836380008770504
        ]
      },
      "properties": {
        "OBJECTID": 57,
        "NAME": "สถานีเสนานิคม",
        "COLOR_T": "สายสีเขียว",
        "COLOR_E": "Green Line",
        "ROUTE": "หมอชิต - สะพานใหม่",
        "STATUS": "โครงข่ายปัจจุบันที่เปิดให้บริการแล้ว",
        "OWNER": "การรถไฟฟ้าขนส่งมวลชนแห่งประเทศไทย"
      }
    },
    {
      "type": "Feature",
      "id": 58,
      "geometry": {
        "type": "Point",
        "coordinates": [
          100.57712086536357,
          13.842270933768908
        ]
      },
      "properties": {
        "OBJECTID": 58,
        "NAME": "สถานีม.เกษตรศาสตร์",
        "COLOR_T": "สายสีเขียว",
        "COLOR_E": "Green Line",
        "ROUTE": "หมอชิต - สะพานใหม่",
        "STATUS": "โครงข่ายปัจจุบันที่เปิดให้บริการแล้ว",
        "OWNER": "การรถไฟฟ้าขนส่งมวลชนแห่งประเทศไทย"
      }
    },
    {
      "type": "Feature",
      "id": 59,
      "geometry": {
        "type": "Point",
        "coordinates": [
          100.58179853292513,
          13.850315560879048
        ]
      },
      "properties": {
        "OBJECTID": 59,
        "NAME": "สถานีกรมป่าไม้",
        "COLOR_T": "สายสีเขียว",
        "COLOR_E": "Green Line",
        "ROUTE": "หมอชิต - สะพานใหม่",
        "STATUS": "โครงข่ายปัจจุบันที่เปิดให้บริการแล้ว",
        "OWNER": "การรถไฟฟ้าขนส่งมวลชนแห่งประเทศไทย"
      }
    },
    {
      "type": "Feature",
      "id": 60,
      "geometry": {
        "type": "Point",
        "coordinates": [
          100.58518227167264,
          13.8560406118151
        ]
      },
      "properties": {
        "OBJECTID": 60,
        "NAME": "สถานีบางบัว",
        "COLOR_T": "สายสีเขียว",
        "COLOR_E": "Green Line",
        "ROUTE": "หมอชิต - สะพานใหม่",
        "STATUS": "โครงข่ายปัจจุบันที่เปิดให้บริการแล้ว",
        "OWNER": "การรถไฟฟ้าขนส่งมวลชนแห่งประเทศไทย"
      }
    },
    {
      "type": "Feature",
      "id": 61,
      "geometry": {
        "type": "Point",
        "coordinates": [
          100.59199102101152,
          13.867594804673912
        ]
      },
      "properties": {
        "OBJECTID": 61,
        "NAME": "สถานีกรมทหารราบที่ 11",
        "COLOR_T": "สายสีเขียว",
        "COLOR_E": "Green Line",
        "ROUTE": "หมอชิต - สะพานใหม่",
        "STATUS": "โครงข่ายปัจจุบันที่เปิดให้บริการแล้ว",
        "OWNER": "การรถไฟฟ้าขนส่งมวลชนแห่งประเทศไทย"
      }
    },
    {
      "type": "Feature",
      "id": 62,
      "geometry": {
        "type": "Point",
        "coordinates": [
          100.596753272691,
          13.87533321581283
        ]
      },
      "properties": {
        "OBJECTID": 62,
        "NAME": "สถานีวัดพระศรีมหาธาตุ",
        "COLOR_T": "สายสีเขียว",
        "COLOR_E": "Green Line",
        "ROUTE": "หมอชิต - สะพานใหม่",
        "STATUS": "โครงข่ายปัจจุบันที่เปิดให้บริการแล้ว",
        "OWNER": "การรถไฟฟ้าขนส่งมวลชนแห่งประเทศไทย"
      }
    },
    {
      "type": "Feature",
      "id": 63,
      "geometry": {
        "type": "Point",
        "coordinates": [
          100.60073895867623,
          13.882436684993179
        ]
      },
      "properties": {
        "OBJECTID": 63,
        "NAME": "สถานีพหลโยธิน 59",
        "COLOR_T": "สายสีเขียว",
        "COLOR_E": "Green Line",
        "ROUTE": "หมอชิต - สะพานใหม่",
        "STATUS": "โครงข่ายปัจจุบันที่เปิดให้บริการแล้ว",
        "OWNER": "การรถไฟฟ้าขนส่งมวลชนแห่งประเทศไทย"
      }
    },
    {
      "type": "Feature",
      "id": 64,
      "geometry": {
        "type": "Point",
        "coordinates": [
          100.60429899153218,
          13.888425555607098
        ]
      },
      "properties": {
        "OBJECTID": 64,
        "NAME": "สถานีสายหยุด",
        "COLOR_T": "สายสีเขียว",
        "COLOR_E": "Green Line",
        "ROUTE": "หมอชิต - สะพานใหม่",
        "STATUS": "โครงข่ายปัจจุบันที่เปิดให้บริการแล้ว",
        "OWNER": "การรถไฟฟ้าขนส่งมวลชนแห่งประเทศไทย"
      }
    },
    {
      "type": "Feature",
      "id": 65,
      "geometry": {
        "type": "Point",
        "coordinates": [
          100.60906552656888,
          13.896579995811612
        ]
      },
      "properties": {
        "OBJECTID": 65,
        "NAME": "สถานีสะพานใหม่",
        "COLOR_T": "สายสีเขียว",
        "COLOR_E": "Green Line",
        "ROUTE": "หมอชิต - สะพานใหม่",
        "STATUS": "โครงข่ายปัจจุบันที่เปิดให้บริการแล้ว",
        "OWNER": "การรถไฟฟ้าขนส่งมวลชนแห่งประเทศไทย"
      }
    },
    {
      "type": "Feature",
      "id": 66,
      "geometry": {
        "type": "Point",
        "coordinates": [
          100.61740324249205,
          13.910690966703163
        ]
      },
      "properties": {
        "OBJECTID": 66,
        "NAME": "สถานีรพ.ภูมิพล",
        "COLOR_T": "สายสีเขียว",
        "COLOR_E": "Green Line",
        "ROUTE": "สะพานใหม่ - คูคต",
        "STATUS": "โครงข่ายปัจจุบันที่เปิดให้บริการแล้ว",
        "OWNER": "การรถไฟฟ้าขนส่งมวลชนแห่งประเทศไทย"
      }
    },
    {
      "type": "Feature",
      "id": 67,
      "geometry": {
        "type": "Point",
        "coordinates": [
          100.6217112067554,
          13.917938183388221
        ]
      },
      "properties": {
        "OBJECTID": 67,
        "NAME": "สถานีพิพิธภัณฑ์กองทัพอากาศ",
        "COLOR_T": "สายสีเขียว",
        "COLOR_E": "Green Line",
        "ROUTE": "สะพานใหม่ - คูคต",
        "STATUS": "โครงข่ายปัจจุบันที่เปิดให้บริการแล้ว",
        "OWNER": "การรถไฟฟ้าขนส่งมวลชนแห่งประเทศไทย"
      }
    },
    {
      "type": "Feature",
      "id": 68,
      "geometry": {
        "type": "Point",
        "coordinates": [
          100.62583100193339,
          13.925007389676109
        ]
      },
      "properties": {
        "OBJECTID": 68,
        "NAME": "สถานี กม.25",
        "COLOR_T": "สายสีเขียว",
        "COLOR_E": "Green Line",
        "ROUTE": "สะพานใหม่ - คูคต",
        "STATUS": "โครงข่ายปัจจุบันที่เปิดให้บริการแล้ว",
        "OWNER": "การรถไฟฟ้าขนส่งมวลชนแห่งประเทศไทย"
      }
    },
    {
      "type": "Feature",
      "id": 69,
      "geometry": {
        "type": "Point",
        "coordinates": [
          100.64657034640099,
          13.932354823868812
        ]
      },
      "properties": {
        "OBJECTID": 69,
        "NAME": "สถานีคูคต",
        "COLOR_T": "สายสีเขียว",
        "COLOR_E": "Green Line",
        "ROUTE": "สะพานใหม่ - คูคต",
        "STATUS": "โครงข่ายปัจจุบันที่เปิดให้บริการแล้ว",
        "OWNER": "การรถไฟฟ้าขนส่งมวลชนแห่งประเทศไทย"
      }
    },
    {
      "type": "Feature",
      "id": 74,
      "geometry": {
        "type": "Point",
        "coordinates": [
          100.60101452062098,
          13.705652200973049
        ]
      },
      "properties": {
        "OBJECTID": 74,
        "NAME": "สถานีอ่อนนุช",
        "COLOR_T": "สายสีเขียว",
        "COLOR_E": "Green Line",
        "ROUTE": "หมอชิต-อ่อนนุช",
        "STATUS": "โครงข่ายปัจจุบันที่เปิดให้บริการแล้ว",
        "OWNER": "การรถไฟฟ้าขนส่งมวลชนแห่งประเทศไทย"
      }
    },
    {
      "type": "Feature",
      "id": 75,
      "geometry": {
        "type": "Point",
        "coordinates": [
          100.60535244171966,
          13.696798429877422
        ]
      },
      "properties": {
        "OBJECTID": 75,
        "NAME": "สถานีบางจาก",
        "COLOR_T": "สายสีเขียว",
        "COLOR_E": "Green Line",
        "ROUTE": "อ่อนนุช - แบริ่ง",
        "STATUS": "โครงข่ายปัจจุบันที่เปิดให้บริการแล้ว",
        "OWNER": "การรถไฟฟ้าขนส่งมวลชนแห่งประเทศไทย"
      }
    },
    {
      "type": "Feature",
      "id": 76,
      "geometry": {
        "type": "Point",
        "coordinates": [
          100.60900292112377,
          13.689304008645024
        ]
      },
      "properties": {
        "OBJECTID": 76,
        "NAME": "สถานีปุณณวิถี",
        "COLOR_T": "สายสีเขียว",
        "COLOR_E": "Green Line",
        "ROUTE": "อ่อนนุช - แบริ่ง",
        "STATUS": "โครงข่ายปัจจุบันที่เปิดให้บริการแล้ว",
        "OWNER": "การรถไฟฟ้าขนส่งมวลชนแห่งประเทศไทย"
      }
    },
    {
      "type": "Feature",
      "id": 77,
      "geometry": {
        "type": "Point",
        "coordinates": [
          100.6094661565423,
          13.679887132465257
        ]
      },
      "properties": {
        "OBJECTID": 77,
        "NAME": "สถานีอุดมสุข",
        "COLOR_T": "สายสีเขียว",
        "COLOR_E": "Green Line",
        "ROUTE": "อ่อนนุช - แบริ่ง",
        "STATUS": "โครงข่ายปัจจุบันที่เปิดให้บริการแล้ว",
        "OWNER": "การรถไฟฟ้าขนส่งมวลชนแห่งประเทศไทย"
      }
    },
    {
      "type": "Feature",
      "id": 78,
      "geometry": {
        "type": "Point",
        "coordinates": [
          100.60469068284586,
          13.668201623241709
        ]
      },
      "properties": {
        "OBJECTID": 78,
        "NAME": "สถานีบางนา",
        "COLOR_T": "สายสีเขียว",
        "COLOR_E": "Green Line",
        "ROUTE": "อ่อนนุช - แบริ่ง",
        "STATUS": "โครงข่ายปัจจุบันที่เปิดให้บริการแล้ว",
        "OWNER": "การรถไฟฟ้าขนส่งมวลชนแห่งประเทศไทย"
      }
    },
    {
      "type": "Feature",
      "id": 79,
      "geometry": {
        "type": "Point",
        "coordinates": [
          100.60184570446758,
          13.661224000314371
        ]
      },
      "properties": {
        "OBJECTID": 79,
        "NAME": "สถานีแบริ่ง",
        "COLOR_T": "สายสีเขียว",
        "COLOR_E": "Green Line",
        "ROUTE": "แบริ่ง - สมุทรปราการ",
        "STATUS": "โครงข่ายปัจจุบันที่เปิดให้บริการแล้ว",
        "OWNER": "การรถไฟฟ้าขนส่งมวลชนแห่งประเทศไทย"
      }
    },
    {
      "type": "Feature",
      "id": 80,
      "geometry": {
        "type": "Point",
        "coordinates": [
          100.59565802406857,
          13.646254420538215
        ]
      },
      "properties": {
        "OBJECTID": 80,
        "NAME": "สถานีสำโรง",
        "COLOR_T": "สายสีเขียว",
        "COLOR_E": "Green Line",
        "ROUTE": "แบริ่ง - สมุทรปราการ",
        "STATUS": "โครงข่ายปัจจุบันที่เปิดให้บริการแล้ว",
        "OWNER": "การรถไฟฟ้าขนส่งมวลชนแห่งประเทศไทย"
      }
    },
    {
      "type": "Feature",
      "id": 81,
      "geometry": {
        "type": "Point",
        "coordinates": [
          100.59200052594332,
          13.63725976156502
        ]
      },
      "properties": {
        "OBJECTID": 81,
        "NAME": "สถานีปูเจ้าสมิงพราย",
        "COLOR_T": "สายสีเขียว",
        "COLOR_E": "Green Line",
        "ROUTE": "แบริ่ง - สมุทรปราการ",
        "STATUS": "โครงข่ายปัจจุบันที่เปิดให้บริการแล้ว",
        "OWNER": "การรถไฟฟ้าขนส่งมวลชนแห่งประเทศไทย"
      }
    },
    {
      "type": "Feature",
      "id": 82,
      "geometry": {
        "type": "Point",
        "coordinates": [
          100.59015383145886,
          13.621521479597904
        ]
      },
      "properties": {
        "OBJECTID": 82,
        "NAME": "สถานีพิพิธภัณฑ์ช้างเอราวัณ",
        "COLOR_T": "สายสีเขียว",
        "COLOR_E": "Green Line",
        "ROUTE": "แบริ่ง - สมุทรปราการ",
        "STATUS": "โครงข่ายปัจจุบันที่เปิดให้บริการแล้ว",
        "OWNER": "การรถไฟฟ้าขนส่งมวลชนแห่งประเทศไทย"
      }
    },
    {
      "type": "Feature",
      "id": 83,
      "geometry": {
        "type": "Point",
        "coordinates": [
          100.59484474158064,
          13.608611514983528
        ]
      },
      "properties": {
        "OBJECTID": 83,
        "NAME": "สถานีรร.นายเรือ",
        "COLOR_T": "สายสีเขียว",
        "COLOR_E": "Green Line",
        "ROUTE": "แบริ่ง - สมุทรปราการ",
        "STATUS": "โครงข่ายปัจจุบันที่เปิดให้บริการแล้ว",
        "OWNER": "การรถไฟฟ้าขนส่งมวลชนแห่งประเทศไทย"
      }
    },
    {
      "type": "Feature",
      "id": 84,
      "geometry": {
        "type": "Point",
        "coordinates": [
          100.5971100681919,
          13.602090104087852
        ]
      },
      "properties": {
        "OBJECTID": 84,
        "NAME": "สถานีสมุทรปราการ",
        "COLOR_T": "สายสีเขียว",
        "COLOR_E": "Green Line",
        "ROUTE": "สมุทรปราการ - บางปู",
        "STATUS": "โครงข่ายปัจจุบันที่เปิดให้บริการแล้ว",
        "OWNER": "การรถไฟฟ้าขนส่งมวลชนแห่งประเทศไทย"
      }
    },
    {
      "type": "Feature",
      "id": 85,
      "geometry": {
        "type": "Point",
        "coordinates": [
          100.60897633993896,
          13.592066889476373
        ]
      },
      "properties": {
        "OBJECTID": 85,
        "NAME": "สถานีศรีนครินทร์",
        "COLOR_T": "สายสีเขียว",
        "COLOR_E": "Green Line",
        "ROUTE": "สมุทรปราการ - บางปู",
        "STATUS": "โครงข่ายปัจจุบันที่เปิดให้บริการแล้ว",
        "OWNER": "การรถไฟฟ้าขนส่งมวลชนแห่งประเทศไทย"
      }
    },
    {
      "type": "Feature",
      "id": 86,
      "geometry": {
        "type": "Point",
        "coordinates": [
          100.6079079494063,
          13.584350104462771
        ]
      },
      "properties": {
        "OBJECTID": 86,
        "NAME": "สถานีแพรกษา",
        "COLOR_T": "สายสีเขียว",
        "COLOR_E": "Green Line",
        "ROUTE": "สมุทรปราการ - บางปู",
        "STATUS": "โครงข่ายปัจจุบันที่เปิดให้บริการแล้ว",
        "OWNER": "การรถไฟฟ้าขนส่งมวลชนแห่งประเทศไทย"
      }
    },
    {
      "type": "Feature",
      "id": 87,
      "geometry": {
        "type": "Point",
        "coordinates": [
          100.60542831806875,
          13.577729376150364
        ]
      },
      "properties": {
        "OBJECTID": 87,
        "NAME": "สถานีสายลวด",
        "COLOR_T": "สายสีเขียว",
        "COLOR_E": "Green Line",
        "ROUTE": "สมุทรปราการ - บางปู",
        "STATUS": "โครงข่ายปัจจุบันที่เปิดให้บริการแล้ว",
        "OWNER": "การรถไฟฟ้าขนส่งมวลชนแห่งประเทศไทย"
      }
    },
    {
      "type": "Feature",
      "id": 88,
      "geometry": {
        "type": "Point",
        "coordinates": [
          100.60770083767888,
          13.56766529016801
        ]
      },
      "properties": {
        "OBJECTID": 88,
        "NAME": "สถานีเคหะสมุทรปราการ",
        "COLOR_T": "สายสีเขียว",
        "COLOR_E": "Green Line",
        "ROUTE": "สมุทรปราการ - บางปู",
        "STATUS": "โครงข่ายปัจจุบันที่เปิดให้บริการแล้ว",
        "OWNER": "การรถไฟฟ้าขนส่งมวลชนแห่งประเทศไทย"
      }
    },
    {
      "type": "Feature",
      "id": 93,
      "geometry": {
        "type": "Point",
        "coordinates": [
          100.45782265253216,
          13.720672702714822
        ]
      },
      "properties": {
        "OBJECTID": 93,
        "NAME": "สถานีบางหว้า",
        "COLOR_T": "สายสีเขียวเข้ม",
        "COLOR_E": "Dark Green Line",
        "ROUTE": "หัวลำโพง - บางแค",
        "STATUS": "โครงข่ายปัจจุบันที่เปิดให้บริการแล้ว",
        "OWNER": "การรถไฟฟ้าขนส่งมวลชนแห่งประเทศไทย"
      }
    },
    {
      "type": "Feature",
      "id": 94,
      "geometry": {
        "type": "Point",
        "coordinates": [
          100.46896068726471,
          13.713010376433388
        ]
      },
      "properties": {
        "OBJECTID": 94,
        "NAME": "สถานีวุฒากาศ",
        "COLOR_T": "สายสีเขียวเข้ม",
        "COLOR_E": "Dark Green Line",
        "ROUTE": "ตากสิน - บางหว้า",
        "STATUS": "โครงข่ายปัจจุบันที่เปิดให้บริการแล้ว",
        "OWNER": "การรถไฟฟ้าขนส่งมวลชนแห่งประเทศไทย"
      }
    },
    {
      "type": "Feature",
      "id": 95,
      "geometry": {
        "type": "Point",
        "coordinates": [
          100.47672744386927,
          13.714222755109935
        ]
      },
      "properties": {
        "OBJECTID": 95,
        "NAME": "สถานีตลาดพลู",
        "COLOR_T": "สายสีเขียวเข้ม",
        "COLOR_E": "Dark Green Line",
        "ROUTE": "ตากสิน - บางหว้า",
        "STATUS": "โครงข่ายปัจจุบันที่เปิดให้บริการแล้ว",
        "OWNER": "การรถไฟฟ้าขนส่งมวลชนแห่งประเทศไทย"
      }
    },
    {
      "type": "Feature",
      "id": 96,
      "geometry": {
        "type": "Point",
        "coordinates": [
          100.48595159630307,
          13.719227026796478
        ]
      },
      "properties": {
        "OBJECTID": 96,
        "NAME": "สถานีโพธินิมิตร",
        "COLOR_T": "สายสีเขียวเข้ม",
        "COLOR_E": "Dark Green Line",
        "ROUTE": "ตากสิน - บางหว้า",
        "STATUS": "โครงข่ายปัจจุบันที่เปิดให้บริการแล้ว",
        "OWNER": "การรถไฟฟ้าขนส่งมวลชนแห่งประเทศไทย"
      }
    },
    {
      "type": "Feature",
      "id": 97,
      "geometry": {
        "type": "Point",
        "coordinates": [
          100.49520628849949,
          13.72108837145812
        ]
      },
      "properties": {
        "OBJECTID": 97,
        "NAME": "สถานีวงเวียนใหญ่",
        "COLOR_T": "สายสีเขียวเข้ม",
        "COLOR_E": "Dark Green Line",
        "ROUTE": "ตากสิน - บางหว้า",
        "STATUS": "โครงข่ายปัจจุบันที่เปิดให้บริการแล้ว",
        "OWNER": "การรถไฟฟ้าขนส่งมวลชนแห่งประเทศไทย"
      }
    },
    {
      "type": "Feature",
      "id": 98,
      "geometry": {
        "type": "Point",
        "coordinates": [
          100.51417160458183,
          13.718818267723123
        ]
      },
      "properties": {
        "OBJECTID": 98,
        "NAME": "สถานีสะพานตากสิน",
        "COLOR_T": "สายสีเขียวเข้ม",
        "COLOR_E": "Dark Green Line",
        "ROUTE": "สนามกีฬาแห่งชาติ-สะพานตากสิน",
        "STATUS": "โครงข่ายปัจจุบันที่เปิดให้บริการแล้ว",
        "OWNER": "การรถไฟฟ้าขนส่งมวลชนแห่งประเทศไทย"
      }
    },
    {
      "type": "Feature",
      "id": 100,
      "geometry": {
        "type": "Point",
        "coordinates": [
          100.52907200150851,
          13.74650826577714
        ]
      },
      "properties": {
        "OBJECTID": 100,
        "NAME": "สถานีสนามกีฬาแห่งชาติ",
        "COLOR_T": "สายสีเขียวเข้ม",
        "COLOR_E": "Dark Green Line",
        "ROUTE": "สนามกีฬาแห่งชาติ-สะพานตากสิน",
        "STATUS": "โครงข่ายปัจจุบันที่เปิดให้บริการแล้ว",
        "OWNER": "การรถไฟฟ้าขนส่งมวลชนแห่งประเทศไทย"
      }
    },
    {
      "type": "Feature",
      "id": 101,
      "geometry": {
        "type": "Point",
        "coordinates": [
          100.48527220782609,
          13.777387509276341
        ]
      },
      "properties": {
        "OBJECTID": 101,
        "NAME": "สถานีบางยี่ขัน",
        "COLOR_T": "สายสีน้ำเงิน",
        "COLOR_E": "Blue Line",
        "ROUTE": "บางซื่อ - ท่าพระ",
        "STATUS": "โครงข่ายปัจจุบันที่เปิดให้บริการแล้ว",
        "OWNER": "การรถไฟฟ้าขนส่งมวลชนแห่งประเทศไทย"
      }
    },
    {
      "type": "Feature",
      "id": 102,
      "geometry": {
        "type": "Point",
        "coordinates": [
          100.49338832532167,
          13.7838772000209
        ]
      },
      "properties": {
        "OBJECTID": 102,
        "NAME": "สถานีสิรินธร",
        "COLOR_T": "สายสีน้ำเงิน",
        "COLOR_E": "Blue Line",
        "ROUTE": "บางซื่อ - ท่าพระ",
        "STATUS": "โครงข่ายปัจจุบันที่เปิดให้บริการแล้ว",
        "OWNER": "การรถไฟฟ้าขนส่งมวลชนแห่งประเทศไทย"
      }
    },
    {
      "type": "Feature",
      "id": 103,
      "geometry": {
        "type": "Point",
        "coordinates": [
          100.50490218543445,
          13.792414781024066
        ]
      },
      "properties": {
        "OBJECTID": 103,
        "NAME": "สถานีบางพลัด",
        "COLOR_T": "สายสีน้ำเงิน",
        "COLOR_E": "Blue Line",
        "ROUTE": "บางซื่อ - ท่าพระ",
        "STATUS": "โครงข่ายปัจจุบันที่เปิดให้บริการแล้ว",
        "OWNER": "การรถไฟฟ้าขนส่งมวลชนแห่งประเทศไทย"
      }
    },
    {
      "type": "Feature",
      "id": 104,
      "geometry": {
        "type": "Point",
        "coordinates": [
          100.50981142060049,
          13.798989693914582
        ]
      },
      "properties": {
        "OBJECTID": 104,
        "NAME": "สถานีบางอ้อ",
        "COLOR_T": "สายสีน้ำเงิน",
        "COLOR_E": "Blue Line",
        "ROUTE": "บางซื่อ - ท่าพระ",
        "STATUS": "โครงข่ายปัจจุบันที่เปิดให้บริการแล้ว",
        "OWNER": "การรถไฟฟ้าขนส่งมวลชนแห่งประเทศไทย"
      }
    },
    {
      "type": "Feature",
      "id": 105,
      "geometry": {
        "type": "Point",
        "coordinates": [
          100.52104729387648,
          13.806416040218044
        ]
      },
      "properties": {
        "OBJECTID": 105,
        "NAME": "สถานีบางโพ",
        "COLOR_T": "สายสีน้ำเงิน",
        "COLOR_E": "Blue Line",
        "ROUTE": "บางซื่อ - ท่าพระ",
        "STATUS": "โครงข่ายปัจจุบันที่เปิดให้บริการแล้ว",
        "OWNER": "การรถไฟฟ้าขนส่งมวลชนแห่งประเทศไทย"
      }
    },
    {
      "type": "Feature",
      "id": 106,
      "geometry": {
        "type": "Point",
        "coordinates": [
          100.53074200337414,
          13.806171848564684
        ]
      },
      "properties": {
        "OBJECTID": 106,
        "NAME": "สถานีเตาปูน",
        "COLOR_T": "สายสีน้ำเงิน",
        "COLOR_E": "Blue Line",
        "ROUTE": "บางซื่อ - ท่าพระ",
        "STATUS": "โครงข่ายปัจจุบันที่เปิดให้บริการแล้ว",
        "OWNER": "การรถไฟฟ้าขนส่งมวลชนแห่งประเทศไทย"
      }
    },
    {
      "type": "Feature",
      "id": 1,
      "geometry": {
        "type": "Point",
        "coordinates": [
          100.46513000988998,
          13.724617114419665
        ]
      },
      "properties": {
        "OBJECTID": 1,
        "NAME": "สถานีบางไผ่",
        "COLOR_T": "สายสีน้ำเงิน",
        "COLOR_E": "Blue Line",
        "ROUTE": "หัวลำโพง - บางแค",
        "STATUS": "โครงข่ายปัจจุบันที่เปิดให้บริการแล้ว",
        "OWNER": "การรถไฟฟ้าขนส่งมวลชนแห่งประเทศไทย"
      }
    },
    {
      "type": "Feature",
      "id": 2,
      "geometry": {
        "type": "Point",
        "coordinates": [
          100.47406086597772,
          13.729656942975506
        ]
      },
      "properties": {
        "OBJECTID": 2,
        "NAME": "สถานีท่าพระ",
        "COLOR_T": "สายสีน้ำเงิน",
        "COLOR_E": "Blue Line",
        "ROUTE": "บางซื่อ - ท่าพระ",
        "STATUS": "โครงข่ายปัจจุบันที่เปิดให้บริการแล้ว",
        "OWNER": "การรถไฟฟ้าขนส่งมวลชนแห่งประเทศไทย"
      }
    },
    {
      "type": "Feature",
      "id": 3,
      "geometry": {
        "type": "Point",
        "coordinates": [
          100.47071320569422,
          13.740153799943117
        ]
      },
      "properties": {
        "OBJECTID": 3,
        "NAME": "สถานีจรัลสนิทวงศ์ 13",
        "COLOR_T": "สายสีน้ำเงิน",
        "COLOR_E": "Blue Line",
        "ROUTE": "บางซื่อ - ท่าพระ",
        "STATUS": "โครงข่ายปัจจุบันที่เปิดให้บริการแล้ว",
        "OWNER": "การรถไฟฟ้าขนส่งมวลชนแห่งประเทศไทย"
      }
    },
    {
      "type": "Feature",
      "id": 4,
      "geometry": {
        "type": "Point",
        "coordinates": [
          100.46933419610271,
          13.755743999224602
        ]
      },
      "properties": {
        "OBJECTID": 4,
        "NAME": "สถานีแยกไฟฉาย",
        "COLOR_T": "สายสีน้ำเงิน",
        "COLOR_E": "Blue Line",
        "ROUTE": "บางซื่อ - ท่าพระ",
        "STATUS": "โครงข่ายปัจจุบันที่เปิดให้บริการแล้ว",
        "OWNER": "การรถไฟฟ้าขนส่งมวลชนแห่งประเทศไทย"
      }
    },
    {
      "type": "Feature",
      "id": 5,
      "geometry": {
        "type": "Point",
        "coordinates": [
          100.47333909924184,
          13.763337273310345
        ]
      },
      "properties": {
        "OBJECTID": 5,
        "NAME": "สถานีบางขุนนนท์",
        "COLOR_T": "สายสีน้ำเงิน",
        "COLOR_E": "Blue Line",
        "ROUTE": "บางซื่อ - ท่าพระ",
        "STATUS": "โครงข่ายปัจจุบันที่เปิดให้บริการแล้ว",
        "OWNER": "การรถไฟฟ้าขนส่งมวลชนแห่งประเทศไทย"
      }
    },
    {
      "type": "Feature",
      "id": 27,
      "geometry": {
        "type": "Point",
        "coordinates": [
          100.54942082569339,
          13.826592555364131
        ]
      },
      "properties": {
        "OBJECTID": 27,
        "NAME": "สถานีจตุจักร",
        "COLOR_T": "สายสีแดงเข้ม",
        "COLOR_E": "Red Line",
        "ROUTE": "บางซื่อ - รังสิต",
        "STATUS": "โครงข่ายปัจจุบันที่เปิดให้บริการแล้ว",
        "OWNER": "การรถไฟแห่งประเทศไทย"
      }
    },
    {
      "type": "Feature",
      "id": 28,
      "geometry": {
        "type": "Point",
        "coordinates": [
          100.557621395847,
          13.8417404982677
        ]
      },
      "properties": {
        "OBJECTID": 28,
        "NAME": "สถานีวัดเสมียนนารี",
        "COLOR_T": "สายสีแดงเข้ม",
        "COLOR_E": "Red Line",
        "ROUTE": "บางซื่อ - รังสิต",
        "STATUS": "โครงข่ายปัจจุบันที่เปิดให้บริการแล้ว",
        "OWNER": "การรถไฟแห่งประเทศไทย"
      }
    },
    {
      "type": "Feature",
      "id": 29,
      "geometry": {
        "type": "Point",
        "coordinates": [
          100.56171228965236,
          13.849401673704001
        ]
      },
      "properties": {
        "OBJECTID": 29,
        "NAME": "สถานีบางเขน",
        "COLOR_T": "สายสีแดงเข้ม",
        "COLOR_E": "Red Line",
        "ROUTE": "บางซื่อ - รังสิต",
        "STATUS": "โครงข่ายปัจจุบันที่เปิดให้บริการแล้ว",
        "OWNER": "การรถไฟแห่งประเทศไทย"
      }
    },
    {
      "type": "Feature",
      "id": 30,
      "geometry": {
        "type": "Point",
        "coordinates": [
          100.56747428416949,
          13.860091926421473
        ]
      },
      "properties": {
        "OBJECTID": 30,
        "NAME": "สถานีทุ่งสองห้อง",
        "COLOR_T": "สายสีแดงเข้ม",
        "COLOR_E": "Red Line",
        "ROUTE": "บางซื่อ - รังสิต",
        "STATUS": "โครงข่ายปัจจุบันที่เปิดให้บริการแล้ว",
        "OWNER": "การรถไฟแห่งประเทศไทย"
      }
    },
    {
      "type": "Feature",
      "id": 31,
      "geometry": {
        "type": "Point",
        "coordinates": [
          100.5818912651377,
          13.886243005651332
        ]
      },
      "properties": {
        "OBJECTID": 31,
        "NAME": "สถานีหลักสี่",
        "COLOR_T": "สายสีแดงเข้ม",
        "COLOR_E": "Red Line",
        "ROUTE": "บางซื่อ - รังสิต",
        "STATUS": "โครงข่ายปัจจุบันที่เปิดให้บริการแล้ว",
        "OWNER": "การรถไฟแห่งประเทศไทย"
      }
    },
    {
      "type": "Feature",
      "id": 32,
      "geometry": {
        "type": "Point",
        "coordinates": [
          100.58892947518612,
          13.89871415780924
        ]
      },
      "properties": {
        "OBJECTID": 32,
        "NAME": "สถานีการเคหะ",
        "COLOR_T": "สายสีแดงเข้ม",
        "COLOR_E": "Red Line",
        "ROUTE": "บางซื่อ - รังสิต",
        "STATUS": "โครงข่ายปัจจุบันที่เปิดให้บริการแล้ว",
        "OWNER": "การรถไฟแห่งประเทศไทย"
      }
    },
    {
      "type": "Feature",
      "id": 33,
      "geometry": {
        "type": "Point",
        "coordinates": [
          100.59799337244206,
          13.91464916751675
        ]
      },
      "properties": {
        "OBJECTID": 33,
        "NAME": "สถานีดอนเมือง",
        "COLOR_T": "สายสีแดงเข้ม",
        "COLOR_E": "Red Line",
        "ROUTE": "บางซื่อ - รังสิต",
        "STATUS": "โครงข่ายปัจจุบันที่เปิดให้บริการแล้ว",
        "OWNER": "การรถไฟแห่งประเทศไทย"
      }
    },
    {
      "type": "Feature",
      "id": 34,
      "geometry": {
        "type": "Point",
        "coordinates": [
          100.60528201267114,
          13.96601599491414
        ]
      },
      "properties": {
        "OBJECTID": 34,
        "NAME": "สถานีหลักหก",
        "COLOR_T": "สายสีแดงเข้ม",
        "COLOR_E": "Red Line",
        "ROUTE": "บางซื่อ - รังสิต",
        "STATUS": "โครงข่ายปัจจุบันที่เปิดให้บริการแล้ว",
        "OWNER": "การรถไฟแห่งประเทศไทย"
      }
    },
    {
      "type": "Feature",
      "id": 252,
      "geometry": {
        "type": "Point",
        "coordinates": [
          100.54103359208698,
          13.802255249845489
        ]
      },
      "properties": {
        "OBJECTID": 252,
        "NAME": "สถานีบางซื่อ",
        "COLOR_T": "สายสีน้ำเงิน",
        "COLOR_E": "Blue Line",
        "ROUTE": "บางซื่อ - ท่าพระ",
        "STATUS": "โครงข่ายปัจจุบันที่เปิดให้บริการแล้ว",
        "OWNER": "การรถไฟฟ้าขนส่งมวลชนแห่งประเทศไทย"
      }
    },
    {
      "type": "Feature",
      "id": 253,
      "geometry": {
        "type": "Point",
        "coordinates": [
          100.5535141531621,
          13.803169882307078
        ]
      },
      "properties": {
        "OBJECTID": 253,
        "NAME": "สถานีหมอชิต",
        "COLOR_T": "สายสีน้ำเงิน",
        "COLOR_E": "Blue Line",
        "ROUTE": "หัวลำโพง - บางแค",
        "STATUS": "โครงข่ายปัจจุบันที่เปิดให้บริการแล้ว",
        "OWNER": "การรถไฟฟ้าขนส่งมวลชนแห่งประเทศไทย"
      }
    },
    {
      "type": "Feature",
      "id": 254,
      "geometry": {
        "type": "Point",
        "coordinates": [
          100.57288593461601,
          13.806511301075735
        ]
      },
      "properties": {
        "OBJECTID": 254,
        "NAME": "สถานีลาดพร้าว",
        "COLOR_T": "สายสีน้ำเงิน",
        "COLOR_E": "Blue Line",
        "ROUTE": "หัวลำโพง - บางแค",
        "STATUS": "โครงข่ายปัจจุบันที่เปิดให้บริการแล้ว",
        "OWNER": "การรถไฟฟ้าขนส่งมวลชนแห่งประเทศไทย"
      }
    },
    {
      "type": "Feature",
      "id": 255,
      "geometry": {
        "type": "Point",
        "coordinates": [
          100.57413977230637,
          13.789841707858296
        ]
      },
      "properties": {
        "OBJECTID": 255,
        "NAME": "สถานีสุทธิสาร",
        "COLOR_T": "สายสีน้ำเงิน",
        "COLOR_E": "Blue Line",
        "ROUTE": "หัวลำโพง - บางแค",
        "STATUS": "โครงข่ายปัจจุบันที่เปิดให้บริการแล้ว",
        "OWNER": "การรถไฟฟ้าขนส่งมวลชนแห่งประเทศไทย"
      }
    },
    {
      "type": "Feature",
      "id": 256,
      "geometry": {
        "type": "Point",
        "coordinates": [
          100.57362126376566,
          13.778437386449964
        ]
      },
      "properties": {
        "OBJECTID": 256,
        "NAME": "สถานีห้วยขวาง",
        "COLOR_T": "สายสีน้ำเงิน",
        "COLOR_E": "Blue Line",
        "ROUTE": "หัวลำโพง - บางแค",
        "STATUS": "โครงข่ายปัจจุบันที่เปิดให้บริการแล้ว",
        "OWNER": "การรถไฟฟ้าขนส่งมวลชนแห่งประเทศไทย"
      }
    },
    {
      "type": "Feature",
      "id": 257,
      "geometry": {
        "type": "Point",
        "coordinates": [
          100.57018975885745,
          13.766104804115782
        ]
      },
      "properties": {
        "OBJECTID": 257,
        "NAME": "สถานีศูนย์วัฒนธรรมแห่งประเทศไทย",
        "COLOR_T": "สายสีน้ำเงิน",
        "COLOR_E": "Blue Line",
        "ROUTE": "หัวลำโพง - บางแค",
        "STATUS": "โครงข่ายปัจจุบันที่เปิดให้บริการแล้ว",
        "OWNER": "การรถไฟฟ้าขนส่งมวลชนแห่งประเทศไทย"
      }
    },
    {
      "type": "Feature",
      "id": 258,
      "geometry": {
        "type": "Point",
        "coordinates": [
          100.56527207934501,
          13.757365452330987
        ]
      },
      "properties": {
        "OBJECTID": 258,
        "NAME": "สถานีพระราม 9",
        "COLOR_T": "สายสีน้ำเงิน",
        "COLOR_E": "Blue Line",
        "ROUTE": "บางซื่อ-หัวลำโพง",
        "STATUS": "โครงข่ายปัจจุบันที่เปิดให้บริการแล้ว",
        "OWNER": "การรถไฟฟ้าขนส่งมวลชนแห่งประเทศไทย"
      }
    },
    {
      "type": "Feature",
      "id": 259,
      "geometry": {
        "type": "Point",
        "coordinates": [
          100.56344121796725,
          13.749111258297111
        ]
      },
      "properties": {
        "OBJECTID": 259,
        "NAME": "สถานีเพชรบุรี",
        "COLOR_T": "สายสีน้ำเงิน",
        "COLOR_E": "Blue Line",
        "ROUTE": "หัวลำโพง - บางแค",
        "STATUS": "โครงข่ายปัจจุบันที่เปิดให้บริการแล้ว",
        "OWNER": "การรถไฟฟ้าขนส่งมวลชนแห่งประเทศไทย"
      }
    },
    {
      "type": "Feature",
      "id": 260,
      "geometry": {
        "type": "Point",
        "coordinates": [
          100.56148943519563,
          13.737571123131113
        ]
      },
      "properties": {
        "OBJECTID": 260,
        "NAME": "สถานีสุขุมวิท",
        "COLOR_T": "สายสีน้ำเงิน",
        "COLOR_E": "Blue Line",
        "ROUTE": "บางซื่อ-หัวลำโพง",
        "STATUS": "โครงข่ายปัจจุบันที่เปิดให้บริการแล้ว",
        "OWNER": "การรถไฟฟ้าขนส่งมวลชนแห่งประเทศไทย"
      }
    },
    {
      "type": "Feature",
      "id": 261,
      "geometry": {
        "type": "Point",
        "coordinates": [
          100.55995004366616,
          13.722881168902376
        ]
      },
      "properties": {
        "OBJECTID": 261,
        "NAME": "สถานีศูนย์การประชุมแห่งชาติสิริกิติ์",
        "COLOR_T": "สายสีน้ำเงิน",
        "COLOR_E": "Blue Line",
        "ROUTE": "บางซื่อ-หัวลำโพง",
        "STATUS": "โครงข่ายปัจจุบันที่เปิดให้บริการแล้ว",
        "OWNER": "การรถไฟฟ้าขนส่งมวลชนแห่งประเทศไทย"
      }
    },
    {
      "type": "Feature",
      "id": 262,
      "geometry": {
        "type": "Point",
        "coordinates": [
          100.55405666636102,
          13.722321208961196
        ]
      },
      "properties": {
        "OBJECTID": 262,
        "NAME": "สถานีคลองเตย",
        "COLOR_T": "สายสีน้ำเงิน",
        "COLOR_E": "Blue Line",
        "ROUTE": "หัวลำโพง - บางแค",
        "STATUS": "โครงข่ายปัจจุบันที่เปิดให้บริการแล้ว",
        "OWNER": "การรถไฟฟ้าขนส่งมวลชนแห่งประเทศไทย"
      }
    },
    {
      "type": "Feature",
      "id": 263,
      "geometry": {
        "type": "Point",
        "coordinates": [
          100.54566789185247,
          13.72580841374866
        ]
      },
      "properties": {
        "OBJECTID": 263,
        "NAME": "สถานีลุมพินี",
        "COLOR_T": "สายสีน้ำเงิน",
        "COLOR_E": "Blue Line",
        "ROUTE": "หัวลำโพง - บางแค",
        "STATUS": "โครงข่ายปัจจุบันที่เปิดให้บริการแล้ว",
        "OWNER": "การรถไฟฟ้าขนส่งมวลชนแห่งประเทศไทย"
      }
    },
    {
      "type": "Feature",
      "id": 264,
      "geometry": {
        "type": "Point",
        "coordinates": [
          100.5371440989799,
          13.729356490595986
        ]
      },
      "properties": {
        "OBJECTID": 264,
        "NAME": "สถานีสีลม",
        "COLOR_T": "สายสีน้ำเงิน",
        "COLOR_E": "Blue Line",
        "ROUTE": "บางซื่อ-หัวลำโพง",
        "STATUS": "โครงข่ายปัจจุบันที่เปิดให้บริการแล้ว",
        "OWNER": "การรถไฟฟ้าขนส่งมวลชนแห่งประเทศไทย"
      }
    },
    {
      "type": "Feature",
      "id": 265,
      "geometry": {
        "type": "Point",
        "coordinates": [
          100.52948813062424,
          13.732533267159184
        ]
      },
      "properties": {
        "OBJECTID": 265,
        "NAME": "สถานีสามย่าน",
        "COLOR_T": "สายสีน้ำเงิน",
        "COLOR_E": "Blue Line",
        "ROUTE": "หัวลำโพง - บางแค",
        "STATUS": "โครงข่ายปัจจุบันที่เปิดให้บริการแล้ว",
        "OWNER": "การรถไฟฟ้าขนส่งมวลชนแห่งประเทศไทย"
      }
    },
    {
      "type": "Feature",
      "id": 266,
      "geometry": {
        "type": "Point",
        "coordinates": [
          100.54970544725776,
          13.793823994840276
        ]
      },
      "properties": {
        "OBJECTID": 266,
        "NAME": "สถานีสะพานควาย",
        "COLOR_T": "สายสีเขียว",
        "COLOR_E": "Green Line",
        "ROUTE": "หมอชิต-อ่อนนุช",
        "STATUS": "โครงข่ายปัจจุบันที่เปิดให้บริการแล้ว",
        "OWNER": "การรถไฟฟ้าขนส่งมวลชนแห่งประเทศไทย"
      }
    },
    {
      "type": "Feature",
      "id": 267,
      "geometry": {
        "type": "Point",
        "coordinates": [
          100.5446074113517,
          13.779713910127013
        ]
      },
      "properties": {
        "OBJECTID": 267,
        "NAME": "สถานีอารีย์",
        "COLOR_T": "สายสีเขียว",
        "COLOR_E": "Green Line",
        "ROUTE": "หมอชิต-อ่อนนุช",
        "STATUS": "โครงข่ายปัจจุบันที่เปิดให้บริการแล้ว",
        "OWNER": "การรถไฟฟ้าขนส่งมวลชนแห่งประเทศไทย"
      }
    },
    {
      "type": "Feature",
      "id": 268,
      "geometry": {
        "type": "Point",
        "coordinates": [
          100.54211700183853,
          13.772620016799888
        ]
      },
      "properties": {
        "OBJECTID": 268,
        "NAME": "สถานีสนามเป้า",
        "COLOR_T": "สายสีเขียว",
        "COLOR_E": "Green Line",
        "ROUTE": "หมอชิต-อ่อนนุช",
        "STATUS": "โครงข่ายปัจจุบันที่เปิดให้บริการแล้ว",
        "OWNER": "การรถไฟฟ้าขนส่งมวลชนแห่งประเทศไทย"
      }
    },
    {
      "type": "Feature",
      "id": 269,
      "geometry": {
        "type": "Point",
        "coordinates": [
          100.53708078522756,
          13.762755412340411
        ]
      },
      "properties": {
        "OBJECTID": 269,
        "NAME": "สถานีอนุสาวรีย์ชัยสมรภูมิ",
        "COLOR_T": "สายสีเขียว",
        "COLOR_E": "Green Line",
        "ROUTE": "หมอชิต-อ่อนนุช",
        "STATUS": "โครงข่ายปัจจุบันที่เปิดให้บริการแล้ว",
        "OWNER": "การรถไฟฟ้าขนส่งมวลชนแห่งประเทศไทย"
      }
    },
    {
      "type": "Feature",
      "id": 270,
      "geometry": {
        "type": "Point",
        "coordinates": [
          100.5338274784876,
          13.756953816147224
        ]
      },
      "properties": {
        "OBJECTID": 270,
        "NAME": "สถานีพญาไท",
        "COLOR_T": "สายสีเขียว",
        "COLOR_E": "Green Line",
        "ROUTE": "หมอชิต-อ่อนนุช",
        "STATUS": "โครงข่ายปัจจุบันที่เปิดให้บริการแล้ว",
        "OWNER": "การรถไฟฟ้าขนส่งมวลชนแห่งประเทศไทย"
      }
    },
    {
      "type": "Feature",
      "id": 271,
      "geometry": {
        "type": "Point",
        "coordinates": [
          100.53156129380848,
          13.751880180621397
        ]
      },
      "properties": {
        "OBJECTID": 271,
        "NAME": "สถานีราชเทวี",
        "COLOR_T": "สายสีเขียว",
        "COLOR_E": "Green Line",
        "ROUTE": "หมอชิต-อ่อนนุช",
        "STATUS": "โครงข่ายปัจจุบันที่เปิดให้บริการแล้ว",
        "OWNER": "การรถไฟฟ้าขนส่งมวลชนแห่งประเทศไทย"
      }
    },
    {
      "type": "Feature",
      "id": 272,
      "geometry": {
        "type": "Point",
        "coordinates": [
          100.53422682599906,
          13.745624197070304
        ]
      },
      "properties": {
        "OBJECTID": 272,
        "NAME": "สถานีสยาม",
        "COLOR_T": "สายสีเขียว",
        "COLOR_E": "Green Line",
        "ROUTE": "หมอชิต-อ่อนนุช",
        "STATUS": "โครงข่ายปัจจุบันที่เปิดให้บริการแล้ว",
        "OWNER": "การรถไฟฟ้าขนส่งมวลชนแห่งประเทศไทย"
      }
    },
    {
      "type": "Feature",
      "id": 273,
      "geometry": {
        "type": "Point",
        "coordinates": [
          100.5490628984567,
          13.74306267420408
        ]
      },
      "properties": {
        "OBJECTID": 273,
        "NAME": "สถานีเพลินจิต",
        "COLOR_T": "สายสีเขียว",
        "COLOR_E": "Green Line",
        "ROUTE": "หมอชิต-อ่อนนุช",
        "STATUS": "โครงข่ายปัจจุบันที่เปิดให้บริการแล้ว",
        "OWNER": "การรถไฟฟ้าขนส่งมวลชนแห่งประเทศไทย"
      }
    },
    {
      "type": "Feature",
      "id": 274,
      "geometry": {
        "type": "Point",
        "coordinates": [
          100.5554454973554,
          13.740537394387978
        ]
      },
      "properties": {
        "OBJECTID": 274,
        "NAME": "สถานีนานา",
        "COLOR_T": "สายสีเขียว",
        "COLOR_E": "Green Line",
        "ROUTE": "หมอชิต-อ่อนนุช",
        "STATUS": "โครงข่ายปัจจุบันที่เปิดให้บริการแล้ว",
        "OWNER": "การรถไฟฟ้าขนส่งมวลชนแห่งประเทศไทย"
      }
    },
    {
      "type": "Feature",
      "id": 275,
      "geometry": {
        "type": "Point",
        "coordinates": [
          100.56042686800784,
          13.73700135598803
        ]
      },
      "properties": {
        "OBJECTID": 275,
        "NAME": "สถานีอโศก",
        "COLOR_T": "สายสีเขียว",
        "COLOR_E": "Green Line",
        "ROUTE": "หมอชิต-อ่อนนุช",
        "STATUS": "โครงข่ายปัจจุบันที่เปิดให้บริการแล้ว",
        "OWNER": "การรถไฟฟ้าขนส่งมวลชนแห่งประเทศไทย"
      }
    },
    {
      "type": "Feature",
      "id": 276,
      "geometry": {
        "type": "Point",
        "coordinates": [
          100.56973424758715,
          13.73044467117236
        ]
      },
      "properties": {
        "OBJECTID": 276,
        "NAME": "สถานีพร้อมพงษ์",
        "COLOR_T": "สายสีเขียว",
        "COLOR_E": "Green Line",
        "ROUTE": "หมอชิต-อ่อนนุช",
        "STATUS": "โครงข่ายปัจจุบันที่เปิดให้บริการแล้ว",
        "OWNER": "การรถไฟฟ้าขนส่งมวลชนแห่งประเทศไทย"
      }
    },
    {
      "type": "Feature",
      "id": 277,
      "geometry": {
        "type": "Point",
        "coordinates": [
          100.57852678474752,
          13.724248627515651
        ]
      },
      "properties": {
        "OBJECTID": 277,
        "NAME": "สถานีทองหล่อ",
        "COLOR_T": "สายสีเขียว",
        "COLOR_E": "Green Line",
        "ROUTE": "หมอชิต-อ่อนนุช",
        "STATUS": "โครงข่ายปัจจุบันที่เปิดให้บริการแล้ว",
        "OWNER": "การรถไฟฟ้าขนส่งมวลชนแห่งประเทศไทย"
      }
    },
    {
      "type": "Feature",
      "id": 278,
      "geometry": {
        "type": "Point",
        "coordinates": [
          100.58512507821055,
          13.719553741013787
        ]
      },
      "properties": {
        "OBJECTID": 278,
        "NAME": "สถานีเอกมัย",
        "COLOR_T": "สายสีเขียว",
        "COLOR_E": "Green Line",
        "ROUTE": "หมอชิต-อ่อนนุช",
        "STATUS": "โครงข่ายปัจจุบันที่เปิดให้บริการแล้ว",
        "OWNER": "การรถไฟฟ้าขนส่งมวลชนแห่งประเทศไทย"
      }
    },
    {
      "type": "Feature",
      "id": 279,
      "geometry": {
        "type": "Point",
        "coordinates": [
          100.53948211423803,
          13.739525824083026
        ]
      },
      "properties": {
        "OBJECTID": 279,
        "NAME": "สถานีราชดำริ",
        "COLOR_T": "สายสีเขียวเข้ม",
        "COLOR_E": "Dark Green Line",
        "ROUTE": "สนามกีฬาแห่งชาติ-สะพานตากสิน",
        "STATUS": "โครงข่ายปัจจุบันที่เปิดให้บริการแล้ว",
        "OWNER": "การรถไฟฟ้าขนส่งมวลชนแห่งประเทศไทย"
      }
    },
    {
      "type": "Feature",
      "id": 280,
      "geometry": {
        "type": "Point",
        "coordinates": [
          100.53445119598628,
          13.72859999819064
        ]
      },
      "properties": {
        "OBJECTID": 280,
        "NAME": "สถานีศาลาแดง",
        "COLOR_T": "สายสีเขียวเข้ม",
        "COLOR_E": "Dark Green Line",
        "ROUTE": "สนามกีฬาแห่งชาติ-สะพานตากสิน",
        "STATUS": "โครงข่ายปัจจุบันที่เปิดให้บริการแล้ว",
        "OWNER": "การรถไฟฟ้าขนส่งมวลชนแห่งประเทศไทย"
      }
    },
    {
      "type": "Feature",
      "id": 281,
      "geometry": {
        "type": "Point",
        "coordinates": [
          100.52159054377795,
          13.719298111460603
        ]
      },
      "properties": {
        "OBJECTID": 281,
        "NAME": "สถานีสุรศักดิ์",
        "COLOR_T": "สายสีเขียวเข้ม",
        "COLOR_E": "Dark Green Line",
        "ROUTE": "สนามกีฬาแห่งชาติ-สะพานตากสิน",
        "STATUS": "โครงข่ายปัจจุบันที่เปิดให้บริการแล้ว",
        "OWNER": "การรถไฟฟ้าขนส่งมวลชนแห่งประเทศไทย"
      }
    },
    {
      "type": "Feature",
      "id": 282,
      "geometry": {
        "type": "Point",
        "coordinates": [
          100.52934454967033,
          13.7237473933561
        ]
      },
      "properties": {
        "OBJECTID": 282,
        "NAME": "สถานีช่องนนทรี",
        "COLOR_T": "สายสีเขียวเข้ม",
        "COLOR_E": "Dark Green Line",
        "ROUTE": "สนามกีฬาแห่งชาติ-สะพานตากสิน",
        "STATUS": "โครงข่ายปัจจุบันที่เปิดให้บริการแล้ว",
        "OWNER": "การรถไฟฟ้าขนส่งมวลชนแห่งประเทศไทย"
      }
    },
    {
      "type": "Feature",
      "id": 283,
      "geometry": {
        "type": "Point",
        "coordinates": [
          100.59125885410512,
          13.71518058936921
        ]
      },
      "properties": {
        "OBJECTID": 283,
        "NAME": "สถานีพระโขนง",
        "COLOR_T": "สายสีเขียว",
        "COLOR_E": "Green Line",
        "ROUTE": "หมอชิต-อ่อนนุช",
        "STATUS": "โครงข่ายปัจจุบันที่เปิดให้บริการแล้ว",
        "OWNER": "การรถไฟฟ้าขนส่งมวลชนแห่งประเทศไทย"
      }
    },
    {
      "type": "Feature",
      "id": 961,
      "geometry": {
        "type": "Point",
        "coordinates": [
          100.54164716231749,
          13.803830082652595
        ]
      },
      "properties": {
        "OBJECTID": 961,
        "NAME": "สถานีกลางบางซื่อ",
        "COLOR_T": "สายสีแดงเข้ม",
        "COLOR_E": "Red Line",
        "ROUTE": "บางซื่อ - รังสิต",
        "STATUS": "โครงข่ายปัจจุบันที่เปิดให้บริการแล้ว",
        "OWNER": "การรถไฟแห่งประเทศไทย"
      }
    },
    {
      "type": "Feature",
      "id": 1281,
      "geometry": {
        "type": "Point",
        "coordinates": [
          100.44022295862801,
          13.789134777576098
        ]
      },
      "properties": {
        "OBJECTID": 1281,
        "NAME": "สถานีตลิ่งชัน",
        "COLOR_T": "สายสีแดงอ่อน",
        "COLOR_E": "Red Line",
        "ROUTE": "บางซื่อ- ตลิ่งชัน",
        "STATUS": "โครงข่ายปัจจุบันที่เปิดให้บริการแล้ว",
        "OWNER": "การรถไฟแห่งประเทศไทย"
      }
    },
    {
      "type": "Feature",
      "id": 1282,
      "geometry": {
        "type": "Point",
        "coordinates": [
          100.4772492880274,
          13.792145798025908
        ]
      },
      "properties": {
        "OBJECTID": 1282,
        "NAME": "สถานีบางบำหรุ",
        "COLOR_T": "สายสีแดงอ่อน",
        "COLOR_E": "Red Line",
        "ROUTE": "บางซื่อ- ตลิ่งชัน",
        "STATUS": "โครงข่ายปัจจุบันที่เปิดให้บริการแล้ว",
        "OWNER": "การรถไฟแห่งประเทศไทย"
      }
    },
    {
      "type": "Feature",
      "id": 1283,
      "geometry": {
        "type": "Point",
        "coordinates": [
          100.53433356237338,
          13.822109027754028
        ]
      },
      "properties": {
        "OBJECTID": 1283,
        "NAME": "สถานีบางซ่อน",
        "COLOR_T": "สายสีแดงอ่อน",
        "COLOR_E": "Red Line",
        "ROUTE": "บางซื่อ- ตลิ่งชัน",
        "STATUS": "โครงข่ายปัจจุบันที่เปิดให้บริการแล้ว",
        "OWNER": "การรถไฟแห่งประเทศไทย"
      }
    },
    {
      "type": "Feature",
      "id": 111,
      "geometry": {
        "type": "Point",
        "coordinates": [
          100.40945617573898,
          13.710863794909384
        ]
      },
      "properties": {
        "OBJECTID": 111,
        "NAME": "สถานีหลักสอง",
        "COLOR_T": "สายสีน้ำเงิน",
        "COLOR_E": "Blue Line",
        "ROUTE": "หัวลำโพง - บางแค",
        "STATUS": "โครงข่ายปัจจุบันที่เปิดให้บริการแล้ว",
        "OWNER": "การรถไฟฟ้าขนส่งมวลชนแห่งประเทศไทย"
      }
    },
    {
      "type": "Feature",
      "id": 112,
      "geometry": {
        "type": "Point",
        "coordinates": [
          100.42235972702922,
          13.711911275691747
        ]
      },
      "properties": {
        "OBJECTID": 112,
        "NAME": "สถานีบางแค",
        "COLOR_T": "สายสีน้ำเงิน",
        "COLOR_E": "Blue Line",
        "ROUTE": "หัวลำโพง - บางแค",
        "STATUS": "โครงข่ายปัจจุบันที่เปิดให้บริการแล้ว",
        "OWNER": "การรถไฟฟ้าขนส่งมวลชนแห่งประเทศไทย"
      }
    },
    {
      "type": "Feature",
      "id": 113,
      "geometry": {
        "type": "Point",
        "coordinates": [
          100.43434209945593,
          13.712885760258139
        ]
      },
      "properties": {
        "OBJECTID": 113,
        "NAME": "สถานีภาษีเจริญ",
        "COLOR_T": "สายสีน้ำเงิน",
        "COLOR_E": "Blue Line",
        "ROUTE": "หัวลำโพง - บางแค",
        "STATUS": "โครงข่ายปัจจุบันที่เปิดให้บริการแล้ว",
        "OWNER": "การรถไฟฟ้าขนส่งมวลชนแห่งประเทศไทย"
      }
    },
    {
      "type": "Feature",
      "id": 114,
      "geometry": {
        "type": "Point",
        "coordinates": [
          100.44546478340723,
          13.715516780263513
        ]
      },
      "properties": {
        "OBJECTID": 114,
        "NAME": "สถานีเพชรเกษม 48",
        "COLOR_T": "สายสีน้ำเงิน",
        "COLOR_E": "Blue Line",
        "ROUTE": "หัวลำโพง - บางแค",
        "STATUS": "โครงข่ายปัจจุบันที่เปิดให้บริการแล้ว",
        "OWNER": "การรถไฟฟ้าขนส่งมวลชนแห่งประเทศไทย"
      }
    },
    {
      "type": "Feature",
      "id": 115,
      "geometry": {
        "type": "Point",
        "coordinates": [
          100.45699613419411,
          13.720218612642231
        ]
      },
      "properties": {
        "OBJECTID": 115,
        "NAME": "สถานีบางหว้า",
        "COLOR_T": "สายสีน้ำเงิน",
        "COLOR_E": "Blue Line",
        "ROUTE": "หัวลำโพง - บางแค",
        "STATUS": "โครงข่ายปัจจุบันที่เปิดให้บริการแล้ว",
        "OWNER": "การรถไฟฟ้าขนส่งมวลชนแห่งประเทศไทย"
      }
    },
    {
      "type": "Feature",
      "id": 116,
      "geometry": {
        "type": "Point",
        "coordinates": [
          100.48567431807568,
          13.738370838410598
        ]
      },
      "properties": {
        "OBJECTID": 116,
        "NAME": "สถานีอิสรภาพ",
        "COLOR_T": "สายสีน้ำเงิน",
        "COLOR_E": "Blue Line",
        "ROUTE": "หัวลำโพง - บางแค",
        "STATUS": "โครงข่ายปัจจุบันที่เปิดให้บริการแล้ว",
        "OWNER": "การรถไฟฟ้าขนส่งมวลชนแห่งประเทศไทย"
      }
    },
    {
      "type": "Feature",
      "id": 117,
      "geometry": {
        "type": "Point",
        "coordinates": [
          100.49468099259173,
          13.744176365122792
        ]
      },
      "properties": {
        "OBJECTID": 117,
        "NAME": "สถานีสนามไชย",
        "COLOR_T": "สายสีน้ำเงิน",
        "COLOR_E": "Blue Line",
        "ROUTE": "หัวลำโพง - บางแค",
        "STATUS": "โครงข่ายปัจจุบันที่เปิดให้บริการแล้ว",
        "OWNER": "การรถไฟฟ้าขนส่งมวลชนแห่งประเทศไทย"
      }
    },
    {
      "type": "Feature",
      "id": 118,
      "geometry": {
        "type": "Point",
        "coordinates": [
          100.50226020331674,
          13.747033474632707
        ]
      },
      "properties": {
        "OBJECTID": 118,
        "NAME": "สถานีสามยอด",
        "COLOR_T": "สายสีน้ำเงิน",
        "COLOR_E": "Blue Line",
        "ROUTE": "หัวลำโพง - บางแค",
        "STATUS": "โครงข่ายปัจจุบันที่เปิดให้บริการแล้ว",
        "OWNER": "การรถไฟฟ้าขนส่งมวลชนแห่งประเทศไทย"
      }
    },
    {
      "type": "Feature",
      "id": 119,
      "geometry": {
        "type": "Point",
        "coordinates": [
          100.5172916713306,
          13.737446241115105
        ]
      },
      "properties": {
        "OBJECTID": 119,
        "NAME": "สถานีหัวลำโพง",
        "COLOR_T": "สายสีน้ำเงิน",
        "COLOR_E": "Blue Line",
        "ROUTE": "หัวลำโพง - บางแค",
        "STATUS": "โครงข่ายปัจจุบันที่เปิดให้บริการแล้ว",
        "OWNER": "การรถไฟฟ้าขนส่งมวลชนแห่งประเทศไทย"
      }
    },
    {
      "type": "Feature",
      "id": 120,
      "geometry": {
        "type": "Point",
        "coordinates": [
          100.51012536494106,
          13.742119299285713
        ]
      },
      "properties": {
        "OBJECTID": 120,
        "NAME": "สถานีวังมังกร",
        "COLOR_T": "สายสีน้ำเงิน",
        "COLOR_E": "Blue Line",
        "ROUTE": "หัวลำโพง - บางแค",
        "STATUS": "โครงข่ายปัจจุบันที่เปิดให้บริการแล้ว",
        "OWNER": "การรถไฟฟ้าขนส่งมวลชนแห่งประเทศไทย"
      }
    },
    {
      "type": "Feature",
      "id": 121,
      "geometry": {
        "type": "Point",
        "coordinates": [
          100.53246505272209,
          13.820216243060685
        ]
      },
      "properties": {
        "OBJECTID": 121,
        "NAME": "สถานีบางซ่อน",
        "COLOR_T": "สายสีม่วง",
        "COLOR_E": "Purple Line",
        "ROUTE": "คลองบางไผ่ - บางซื่อ",
        "STATUS": "โครงข่ายปัจจุบันที่เปิดให้บริการแล้ว",
        "OWNER": "การรถไฟฟ้าขนส่งมวลชนแห่งประเทศไทย"
      }
    },
    {
      "type": "Feature",
      "id": 122,
      "geometry": {
        "type": "Point",
        "coordinates": [
          100.52652095780105,
          13.829958323616792
        ]
      },
      "properties": {
        "OBJECTID": 122,
        "NAME": "สถานีวงศ์สว่าง",
        "COLOR_T": "สายสีม่วง",
        "COLOR_E": "Purple Line",
        "ROUTE": "คลองบางไผ่ - บางซื่อ",
        "STATUS": "โครงข่ายปัจจุบันที่เปิดให้บริการแล้ว",
        "OWNER": "การรถไฟฟ้าขนส่งมวลชนแห่งประเทศไทย"
      }
    },
    {
      "type": "Feature",
      "id": 123,
      "geometry": {
        "type": "Point",
        "coordinates": [
          100.51489821716412,
          13.839614111987094
        ]
      },
      "properties": {
        "OBJECTID": 123,
        "NAME": "สถานีแยกติวานนท์",
        "COLOR_T": "สายสีม่วง",
        "COLOR_E": "Purple Line",
        "ROUTE": "คลองบางไผ่ - บางซื่อ",
        "STATUS": "โครงข่ายปัจจุบันที่เปิดให้บริการแล้ว",
        "OWNER": "การรถไฟฟ้าขนส่งมวลชนแห่งประเทศไทย"
      }
    },
    {
      "type": "Feature",
      "id": 124,
      "geometry": {
        "type": "Point",
        "coordinates": [
          100.51468347035699,
          13.848563437611348
        ]
      },
      "properties": {
        "OBJECTID": 124,
        "NAME": "สถานีกระทรวงสาธารณสุข",
        "COLOR_T": "สายสีม่วง",
        "COLOR_E": "Purple Line",
        "ROUTE": "คลองบางไผ่ - บางซื่อ",
        "STATUS": "โครงข่ายปัจจุบันที่เปิดให้บริการแล้ว",
        "OWNER": "การรถไฟฟ้าขนส่งมวลชนแห่งประเทศไทย"
      }
    },
    {
      "type": "Feature",
      "id": 125,
      "geometry": {
        "type": "Point",
        "coordinates": [
          100.51307256011626,
          13.860199466435358
        ]
      },
      "properties": {
        "OBJECTID": 125,
        "NAME": "สถานีศูนย์ราชการนนทบุรี",
        "COLOR_T": "สายสีม่วง",
        "COLOR_E": "Purple Line",
        "ROUTE": "คลองบางไผ่ - บางซื่อ",
        "STATUS": "โครงข่ายปัจจุบันที่เปิดให้บริการแล้ว",
        "OWNER": "การรถไฟฟ้าขนส่งมวลชนแห่งประเทศไทย"
      }
    },
    {
      "type": "Feature",
      "id": 126,
      "geometry": {
        "type": "Point",
        "coordinates": [
          100.50493196038968,
          13.861617445549356
        ]
      },
      "properties": {
        "OBJECTID": 126,
        "NAME": "สถานีศรีพรสวรรค์",
        "COLOR_T": "สายสีม่วง",
        "COLOR_E": "Purple Line",
        "ROUTE": "คลองบางไผ่ - บางซื่อ",
        "STATUS": "โครงข่ายปัจจุบันที่เปิดให้บริการแล้ว",
        "OWNER": "การรถไฟฟ้าขนส่งมวลชนแห่งประเทศไทย"
      }
    },
    {
      "type": "Feature",
      "id": 127,
      "geometry": {
        "type": "Point",
        "coordinates": [
          100.49425875074799,
          13.865929377063926
        ]
      },
      "properties": {
        "OBJECTID": 127,
        "NAME": "สถานีแยกนนทบุรี 1",
        "COLOR_T": "สายสีม่วง",
        "COLOR_E": "Purple Line",
        "ROUTE": "คลองบางไผ่ - บางซื่อ",
        "STATUS": "โครงข่ายปัจจุบันที่เปิดให้บริการแล้ว",
        "OWNER": "การรถไฟฟ้าขนส่งมวลชนแห่งประเทศไทย"
      }
    },
    {
      "type": "Feature",
      "id": 128,
      "geometry": {
        "type": "Point",
        "coordinates": [
          100.48022695988223,
          13.870326042600114
        ]
      },
      "properties": {
        "OBJECTID": 128,
        "NAME": "สถานีสะพานพระนั่งเกล้า",
        "COLOR_T": "สายสีม่วง",
        "COLOR_E": "Purple Line",
        "ROUTE": "คลองบางไผ่ - บางซื่อ",
        "STATUS": "โครงข่ายปัจจุบันที่เปิดให้บริการแล้ว",
        "OWNER": "การรถไฟฟ้าขนส่งมวลชนแห่งประเทศไทย"
      }
    },
    {
      "type": "Feature",
      "id": 129,
      "geometry": {
        "type": "Point",
        "coordinates": [
          100.46638324162701,
          13.870566232881645
        ]
      },
      "properties": {
        "OBJECTID": 129,
        "NAME": "สถานีไทรม้า",
        "COLOR_T": "สายสีม่วง",
        "COLOR_E": "Purple Line",
        "ROUTE": "คลองบางไผ่ - บางซื่อ",
        "STATUS": "โครงข่ายปัจจุบันที่เปิดให้บริการแล้ว",
        "OWNER": "การรถไฟฟ้าขนส่งมวลชนแห่งประเทศไทย"
      }
    },
    {
      "type": "Feature",
      "id": 130,
      "geometry": {
        "type": "Point",
        "coordinates": [
          100.45993212267838,
          13.872998228087779
        ]
      },
      "properties": {
        "OBJECTID": 130,
        "NAME": "สถานีท่าอิฐ",
        "COLOR_T": "สายสีม่วง",
        "COLOR_E": "Purple Line",
        "ROUTE": "คลองบางไผ่ - บางซื่อ",
        "STATUS": "โครงข่ายปัจจุบันที่เปิดให้บริการแล้ว",
        "OWNER": "การรถไฟฟ้าขนส่งมวลชนแห่งประเทศไทย"
      }
    },
    {
      "type": "Feature",
      "id": 131,
      "geometry": {
        "type": "Point",
        "coordinates": [
          100.44496364897886,
          13.876625543541723
        ]
      },
      "properties": {
        "OBJECTID": 131,
        "NAME": "สถานีบางรักใหญ่",
        "COLOR_T": "สายสีม่วง",
        "COLOR_E": "Purple Line",
        "ROUTE": "คลองบางไผ่ - บางซื่อ",
        "STATUS": "โครงข่ายปัจจุบันที่เปิดให้บริการแล้ว",
        "OWNER": "การรถไฟฟ้าขนส่งมวลชนแห่งประเทศไทย"
      }
    },
    {
      "type": "Feature",
      "id": 132,
      "geometry": {
        "type": "Point",
        "coordinates": [
          100.43376059958949,
          13.875787425155334
        ]
      },
      "properties": {
        "OBJECTID": 132,
        "NAME": "สถานีบางพลู",
        "COLOR_T": "สายสีม่วง",
        "COLOR_E": "Purple Line",
        "ROUTE": "คลองบางไผ่ - บางซื่อ",
        "STATUS": "โครงข่ายปัจจุบันที่เปิดให้บริการแล้ว",
        "OWNER": "การรถไฟฟ้าขนส่งมวลชนแห่งประเทศไทย"
      }
    },
    {
      "type": "Feature",
      "id": 133,
      "geometry": {
        "type": "Point",
        "coordinates": [
          100.41949151486551,
          13.874724230158076
        ]
      },
      "properties": {
        "OBJECTID": 133,
        "NAME": "สถานีสามแยกบางใหญ่",
        "COLOR_T": "สายสีม่วง",
        "COLOR_E": "Purple Line",
        "ROUTE": "คลองบางไผ่ - บางซื่อ",
        "STATUS": "โครงข่ายปัจจุบันที่เปิดให้บริการแล้ว",
        "OWNER": "การรถไฟฟ้าขนส่งมวลชนแห่งประเทศไทย"
      }
    },
    {
      "type": "Feature",
      "id": 134,
      "geometry": {
        "type": "Point",
        "coordinates": [
          100.40923763502467,
          13.88098041017384
        ]
      },
      "properties": {
        "OBJECTID": 134,
        "NAME": "สถานีตลาดบางใหญ่",
        "COLOR_T": "สายสีม่วง",
        "COLOR_E": "Purple Line",
        "ROUTE": "คลองบางไผ่ - บางซื่อ",
        "STATUS": "โครงข่ายปัจจุบันที่เปิดให้บริการแล้ว",
        "OWNER": "การรถไฟฟ้าขนส่งมวลชนแห่งประเทศไทย"
      }
    },
    {
      "type": "Feature",
      "id": 135,
      "geometry": {
        "type": "Point",
        "coordinates": [
          100.40816253934241,
          13.892419213203963
        ]
      },
      "properties": {
        "OBJECTID": 135,
        "NAME": "สถานีคลองบางไผ่",
        "COLOR_T": "สายสีม่วง",
        "COLOR_E": "Purple Line",
        "ROUTE": "คลองบางไผ่ - บางซื่อ",
        "STATUS": "โครงข่ายปัจจุบันที่เปิดให้บริการแล้ว",
        "OWNER": "การรถไฟฟ้าขนส่งมวลชนแห่งประเทศไทย"
      }
    },
    {
      "type": "Feature",
      "id": 284,
      "geometry": {
        "type": "Point",
        "coordinates": [
          100.54309457334094,
          13.744094740428393
        ]
      },
      "properties": {
        "OBJECTID": 284,
        "NAME": "สถานีชิดลม",
        "COLOR_T": "สายสีเขียว",
        "COLOR_E": "Green Line",
        "ROUTE": "หมอชิต-อ่อนนุช",
        "STATUS": "โครงข่ายปัจจุบันที่เปิดให้บริการแล้ว",
        "OWNER": "การรถไฟฟ้าขนส่งมวลชนแห่งประเทศไทย"
      }
    },
    {
      "type": "Feature",
      "id": 285,
      "geometry": {
        "type": "Point",
        "coordinates": [
          100.54776165719015,
          13.798410902256249
        ]
      },
      "properties": {
        "OBJECTID": 285,
        "NAME": "สถานีกำแพงเพชร",
        "COLOR_T": "สายสีน้ำเงิน",
        "COLOR_E": "Blue Line",
        "ROUTE": "หัวลำโพง - บางแค",
        "STATUS": "โครงข่ายปัจจุบันที่เปิดให้บริการแล้ว",
        "OWNER": "การรถไฟฟ้าขนส่งมวลชนแห่งประเทศไทย"
      }
    },
    {
      "type": "Feature",
      "id": 286,
      "geometry": {
        "type": "Point",
        "coordinates": [
          100.56138654614438,
          13.812925738278558
        ]
      },
      "properties": {
        "OBJECTID": 286,
        "NAME": "สถานีพหลโยธิน",
        "COLOR_T": "สายสีน้ำเงิน",
        "COLOR_E": "Blue Line",
        "ROUTE": "หัวลำโพง - บางแค",
        "STATUS": "โครงข่ายปัจจุบันที่เปิดให้บริการแล้ว",
        "OWNER": "การรถไฟฟ้าขนส่งมวลชนแห่งประเทศไทย"
      }
    },
    {
      "type": "Feature",
      "id": 287,
      "geometry": {
        "type": "Point",
        "coordinates": [
          100.57462025613631,
          13.798973765276267
        ]
      },
      "properties": {
        "OBJECTID": 287,
        "NAME": "สถานีรัชดาภิเษก",
        "COLOR_T": "สายสีน้ำเงิน",
        "COLOR_E": "Blue Line",
        "ROUTE": "หัวลำโพง - บางแค",
        "STATUS": "โครงข่ายปัจจุบันที่เปิดให้บริการแล้ว",
        "OWNER": "การรถไฟฟ้าขนส่งมวลชนแห่งประเทศไทย"
      }
    },
    {
      "type": "Feature",
      "id": 293,
      "geometry": {
        "type": "Point",
        "coordinates": [
          100.53490407515967,
          13.756731995054242
        ]
      },
      "properties": {
        "OBJECTID": 293,
        "NAME": "สถานีพญาไท",
        "COLOR_T": "สายแอร์พอร์ต เรล ลิงค์",
        "COLOR_E": "Airport Rail Link",
        "ROUTE": "พญาไท - สุวรรณภูมิ",
        "STATUS": "โครงข่ายปัจจุบันที่เปิดให้บริการแล้ว",
        "OWNER": "การรถไฟแห่งประเทศไทย"
      }
    },
    {
      "type": "Feature",
      "id": 294,
      "geometry": {
        "type": "Point",
        "coordinates": [
          100.54216737813728,
          13.755108258847038
        ]
      },
      "properties": {
        "OBJECTID": 294,
        "NAME": "สถานีราชปรารถ",
        "COLOR_T": "สายแอร์พอร์ต เรล ลิงค์",
        "COLOR_E": "Airport Rail Link",
        "ROUTE": "พญาไท - สุวรรณภูมิ",
        "STATUS": "โครงข่ายปัจจุบันที่เปิดให้บริการแล้ว",
        "OWNER": "การรถไฟแห่งประเทศไทย"
      }
    },
    {
      "type": "Feature",
      "id": 295,
      "geometry": {
        "type": "Point",
        "coordinates": [
          100.56120676949311,
          13.75087241588897
        ]
      },
      "properties": {
        "OBJECTID": 295,
        "NAME": " สถานีมักกะสัน",
        "COLOR_T": "สายแอร์พอร์ต เรล ลิงค์",
        "COLOR_E": "Airport Rail Link",
        "ROUTE": "พญาไท - สุวรรณภูมิ",
        "STATUS": "โครงข่ายปัจจุบันที่เปิดให้บริการแล้ว",
        "OWNER": "การรถไฟแห่งประเทศไทย"
      }
    },
    {
      "type": "Feature",
      "id": 297,
      "geometry": {
        "type": "Point",
        "coordinates": [
          100.60003833832549,
          13.742996674942665
        ]
      },
      "properties": {
        "OBJECTID": 297,
        "NAME": "สถานีรามคำแหง",
        "COLOR_T": "สายแอร์พอร์ต เรล ลิงค์",
        "COLOR_E": "Airport Rail Link",
        "ROUTE": "พญาไท - สุวรรณภูมิ",
        "STATUS": "โครงข่ายปัจจุบันที่เปิดให้บริการแล้ว",
        "OWNER": "การรถไฟแห่งประเทศไทย"
      }
    },
    {
      "type": "Feature",
      "id": 298,
      "geometry": {
        "type": "Point",
        "coordinates": [
          100.64515826157051,
          13.738006106483512
        ]
      },
      "properties": {
        "OBJECTID": 298,
        "NAME": "สถานีหัวหมาก",
        "COLOR_T": "สายแอร์พอร์ต เรล ลิงค์",
        "COLOR_E": "Airport Rail Link",
        "ROUTE": "พญาไท - สุวรรณภูมิ",
        "STATUS": "โครงข่ายปัจจุบันที่เปิดให้บริการแล้ว",
        "OWNER": "การรถไฟแห่งประเทศไทย"
      }
    },
    {
      "type": "Feature",
      "id": 299,
      "geometry": {
        "type": "Point",
        "coordinates": [
          100.50268241553013,
          13.720928682527362
        ]
      },
      "properties": {
        "OBJECTID": 299,
        "NAME": "สถานีกรุงธนบุรี",
        "COLOR_T": "สายสีเขียวเข้ม",
        "COLOR_E": "Dark Green Line",
        "ROUTE": "ตากสิน - บางหว้า",
        "STATUS": "โครงข่ายปัจจุบันที่เปิดให้บริการแล้ว",
        "OWNER": "การรถไฟฟ้าขนส่งมวลชนแห่งประเทศไทย"
      }
    },
    {
      "type": "Feature",
      "id": 300,
      "geometry": {
        "type": "Point",
        "coordinates": [
          100.53075283431318,
          13.80626155539657
        ]
      },
      "properties": {
        "OBJECTID": 300,
        "NAME": "สถานีเตาปูน",
        "COLOR_T": "สายสีม่วง",
        "COLOR_E": "Purple Line",
        "ROUTE": "คลองบางไผ่ - บางซื่อ",
        "STATUS": "โครงข่ายปัจจุบันที่เปิดให้บริการแล้ว",
        "OWNER": "การรถไฟฟ้าขนส่งมวลชนแห่งประเทศไทย"
      }
    },
    {
      "type": "Feature",
      "id": 307,
      "geometry": {
        "type": "Point",
        "coordinates": [
          100.55379431380473,
          13.802588946023564
        ]
      },
      "properties": {
        "OBJECTID": 307,
        "NAME": "สถานีหมอชิต",
        "COLOR_T": "สายสีเขียว",
        "COLOR_E": "Green Line",
        "ROUTE": "หมอชิต - สะพานใหม่",
        "STATUS": "โครงข่ายปัจจุบันที่เปิดให้บริการแล้ว",
        "OWNER": "การรถไฟฟ้าขนส่งมวลชนแห่งประเทศไทย"
      }
    },
    {
      "type": "Feature",
      "id": 641,
      "geometry": {
        "type": "Point",
        "coordinates": [
          100.6022966982089,
          13.990433654388603
        ]
      },
      "properties": {
        "OBJECTID": 641,
        "NAME": "สถานีรังสิต",
        "COLOR_T": "สายสีแดงเข้ม",
        "COLOR_E": "Red Line",
        "ROUTE": "บางซื่อ - รังสิต",
        "STATUS": "โครงข่ายปัจจุบันที่เปิดให้บริการแล้ว",
        "OWNER": "การรถไฟแห่งประเทศไทย"
      }
    },
    {
      "type": "Feature",
      "id": 642,
      "geometry": {
        "type": "Point",
        "coordinates": [
          100.50769011336835,
          13.730365922332348
        ]
      },
      "properties": {
        "OBJECTID": 642,
        "NAME": "สถานีคลองสาน",
        "COLOR_T": "สายสีทอง",
        "COLOR_E": "Gold Line",
        "ROUTE": "ธนบุรี - คลองสาน",
        "STATUS": "โครงข่ายปัจจุบันที่เปิดให้บริการแล้ว",
        "OWNER": "การรถไฟฟ้าขนส่งมวลชนแห่งประเทศไทย"
      }
    },
    {
      "type": "Feature",
      "id": 643,
      "geometry": {
        "type": "Point",
        "coordinates": [
          100.50904765519574,
          13.726475809173255
        ]
      },
      "properties": {
        "OBJECTID": 643,
        "NAME": "สถานีเจริญนคร",
        "COLOR_T": "สายสีทอง",
        "COLOR_E": "Gold Line",
        "ROUTE": "ธนบุรี - คลองสาน",
        "STATUS": "โครงข่ายปัจจุบันที่เปิดให้บริการแล้ว",
        "OWNER": "การรถไฟฟ้าขนส่งมวลชนแห่งประเทศไทย"
      }
    },
    {
      "type": "Feature",
      "id": 644,
      "geometry": {
        "type": "Point",
        "coordinates": [
          100.50348262893421,
          13.721120976769702
        ]
      },
      "properties": {
        "OBJECTID": 644,
        "NAME": "สถานีกรุงธนบุรี",
        "COLOR_T": "สายสีทอง",
        "COLOR_E": "Gold Line",
        "ROUTE": "ธนบุรี - คลองสาน",
        "STATUS": "โครงข่ายปัจจุบันที่เปิดให้บริการแล้ว",
        "OWNER": "การรถไฟฟ้าขนส่งมวลชนแห่งประเทศไทย"
      }
    },
    {
      "type": "Feature",
      "id": 1673,
      "geometry": {
        "type": "Point",
        "coordinates": [
          100.72335831566214,
          13.803448192211325
        ]
      },
      "properties": {
        "OBJECTID": 1673,
        "NAME": "สถานีเคหะรามคำแหง",
        "COLOR_T": "สายสีส้ม",
        "COLOR_E": "Orange Line",
        "ROUTE": "บางกะปิ - มีนบุรี",
        "STATUS": "กำลังก่อสร้าง",
        "OWNER": "การรถไฟฟ้าขนส่งมวลชนแห่งประเทศไทย"
      }
    },
    {
      "type": "Feature",
      "id": 2241,
      "geometry": {
        "type": "Point",
        "coordinates": [
          100.52673051878676,
          13.72082078042887
        ]
      },
      "properties": {
        "OBJECTID": 2241,
        "NAME": "สถานีเซนต์หลุยส์",
        "COLOR_T": "สายสีเขียวเข้ม",
        "COLOR_E": "Dark Green Line",
        "ROUTE": "สนามกีฬาแห่งชาติ-สะพานตากสิน",
        "STATUS": "โครงข่ายปัจจุบันที่เปิดให้บริการแล้ว",
        "OWNER": "การรถไฟฟ้าขนส่งมวลชนแห่งประเทศไทย"
      }
    },
    {
      "type": "Feature",
      "id": 1733,
      "geometry": {
        "type": "Point",
        "coordinates": [
          100.6417823841401,
          13.725285718594401
        ]
      },
      "properties": {
        "OBJECTID": 1733,
        "NAME": "สถานีกลันตัน",
        "COLOR_T": "สายสีเหลือง",
        "COLOR_E": "Yellow Line",
        "ROUTE": "พัฒนาการ - สำโรง",
        "STATUS": "โครงข่ายปัจจุบันที่เปิดให้บริการแล้ว",
        "OWNER": "การรถไฟฟ้าขนส่งมวลชนแห่งประเทศไทย"
      }
    },
    {
      "type": "Feature",
      "id": 1734,
      "geometry": {
        "type": "Point",
        "coordinates": [
          100.64707054479462,
          13.690772450196254
        ]
      },
      "properties": {
        "OBJECTID": 1734,
        "NAME": "สถานีสวนหลวง ร.9",
        "COLOR_T": "สายสีเหลือง",
        "COLOR_E": "Yellow Line",
        "ROUTE": "พัฒนาการ - สำโรง",
        "STATUS": "โครงข่ายปัจจุบันที่เปิดให้บริการแล้ว",
        "OWNER": "การรถไฟฟ้าขนส่งมวลชนแห่งประเทศไทย"
      }
    },
    {
      "type": "Feature",
      "id": 1735,
      "geometry": {
        "type": "Point",
        "coordinates": [
          100.64553882333317,
          13.761768294762838
        ]
      },
      "properties": {
        "OBJECTID": 1735,
        "NAME": "สถานีแยกลำสาลี",
        "COLOR_T": "สายสีเหลือง",
        "COLOR_E": "Yellow Line",
        "ROUTE": "ลาดพร้าว - พัฒนาการ",
        "STATUS": "โครงข่ายปัจจุบันที่เปิดให้บริการแล้ว",
        "OWNER": "การรถไฟฟ้าขนส่งมวลชนแห่งประเทศไทย"
      }
    },
    {
      "type": "Feature",
      "id": 1736,
      "geometry": {
        "type": "Point",
        "coordinates": [
          100.54565438914052,
          13.9183209737189
        ]
      },
      "properties": {
        "OBJECTID": 1736,
        "NAME": "สถานี MT-02",
        "COLOR_T": "สายสีชมพู",
        "COLOR_E": "PINK LINE",
        "ROUTE": "โครงการรถไฟฟ้าส่วนต่อขยายสายสีชมพู ช่วงสถานีศรีรัช – เมืองทองธานี ",
        "STATUS": "โครงข่ายปัจจุบันที่เปิดให้บริการแล้ว",
        "OWNER": "การรถไฟฟ้าขนส่งมวลชนแห่งประเทศไทย"
      }
    },
    {
      "type": "Feature",
      "id": 1737,
      "geometry": {
        "type": "Point",
        "coordinates": [
          100.54428909486488,
          13.910393970589748
        ]
      },
      "properties": {
        "OBJECTID": 1737,
        "NAME": "สถานี MT-01",
        "COLOR_T": "สายสีชมพู",
        "COLOR_E": "PINK LINE",
        "ROUTE": "โครงการรถไฟฟ้าส่วนต่อขยายสายสีชมพู ช่วงสถานีศรีรัช – เมืองทองธานี ",
        "STATUS": "โครงข่ายปัจจุบันที่เปิดให้บริการแล้ว",
        "OWNER": "การรถไฟฟ้าขนส่งมวลชนแห่งประเทศไทย"
      }
    },
    {
      "type": "Feature",
      "id": 1732,
      "geometry": {
        "type": "Point",
        "coordinates": [
          100.62979280746903,
          13.77466358426965
        ]
      },
      "properties": {
        "OBJECTID": 1732,
        "NAME": "สถานีลาดพร้าว 101",
        "COLOR_T": "สายสีเหลือง",
        "COLOR_E": "Yellow Line",
        "ROUTE": "ลาดพร้าว - พัฒนาการ",
        "STATUS": "โครงข่ายปัจจุบันที่เปิดให้บริการแล้ว",
        "OWNER": "การรถไฟฟ้าขนส่งมวลชนแห่งประเทศไทย"
      }
    },
    {
      "type": "Feature",
      "id": 1632,
      "geometry": {
        "type": "Point",
        "coordinates": [
          100.52066139426064,
          13.862613602654726
        ]
      },
      "properties": {
        "OBJECTID": 1632,
        "NAME": "สถานีแคราย",
        "COLOR_T": "สายสีชมพู",
        "COLOR_E": "Pink Line",
        "ROUTE": "แคราย - ปากเกร็ด",
        "STATUS": "โครงข่ายปัจจุบันที่เปิดให้บริการแล้ว",
        "OWNER": "การรถไฟฟ้าขนส่งมวลชนแห่งประเทศไทย"
      }
    },
    {
      "type": "Feature",
      "id": 1633,
      "geometry": {
        "type": "Point",
        "coordinates": [
          100.51631762245015,
          13.874039541210978
        ]
      },
      "properties": {
        "OBJECTID": 1633,
        "NAME": "สถานีสนามบินน้ำ",
        "COLOR_T": "สายสีชมพู",
        "COLOR_E": "Pink Line",
        "ROUTE": "แคราย - ปากเกร็ด",
        "STATUS": "โครงข่ายปัจจุบันที่เปิดให้บริการแล้ว",
        "OWNER": "การรถไฟฟ้าขนส่งมวลชนแห่งประเทศไทย"
      }
    },
    {
      "type": "Feature",
      "id": 1634,
      "geometry": {
        "type": "Point",
        "coordinates": [
          100.51060338058542,
          13.889153415153862
        ]
      },
      "properties": {
        "OBJECTID": 1634,
        "NAME": "สถานีสามัคคี",
        "COLOR_T": "สายสีชมพู",
        "COLOR_E": "Pink Line",
        "ROUTE": "แคราย - ปากเกร็ด",
        "STATUS": "โครงข่ายปัจจุบันที่เปิดให้บริการแล้ว",
        "OWNER": "การรถไฟฟ้าขนส่งมวลชนแห่งประเทศไทย"
      }
    },
    {
      "type": "Feature",
      "id": 1635,
      "geometry": {
        "type": "Point",
        "coordinates": [
          100.50710387479907,
          13.898511809335375
        ]
      },
      "properties": {
        "OBJECTID": 1635,
        "NAME": "สถานีกรมชลประทาน",
        "COLOR_T": "สายสีชมพู",
        "COLOR_E": "Pink Line",
        "ROUTE": "แคราย - ปากเกร็ด",
        "STATUS": "โครงข่ายปัจจุบันที่เปิดให้บริการแล้ว",
        "OWNER": "การรถไฟฟ้าขนส่งมวลชนแห่งประเทศไทย"
      }
    },
    {
      "type": "Feature",
      "id": 1636,
      "geometry": {
        "type": "Point",
        "coordinates": [
          100.50551120786935,
          13.906207521840381
        ]
      },
      "properties": {
        "OBJECTID": 1636,
        "NAME": "สถานีแยกปากเกร็ด",
        "COLOR_T": "สายสีชมพู",
        "COLOR_E": "Pink Line",
        "ROUTE": "ปากเกร็ด - วงเวียนหลักสี่",
        "STATUS": "โครงข่ายปัจจุบันที่เปิดให้บริการแล้ว",
        "OWNER": "การรถไฟฟ้าขนส่งมวลชนแห่งประเทศไทย"
      }
    },
    {
      "type": "Feature",
      "id": 1637,
      "geometry": {
        "type": "Point",
        "coordinates": [
          100.51554536961571,
          13.906412950829344
        ]
      },
      "properties": {
        "OBJECTID": 1637,
        "NAME": "สถานีเลี่ยงเมืองปากเกร็ด",
        "COLOR_T": "สายสีชมพู",
        "COLOR_E": "Pink Line",
        "ROUTE": "ปากเกร็ด - วงเวียนหลักสี่",
        "STATUS": "โครงข่ายปัจจุบันที่เปิดให้บริการแล้ว",
        "OWNER": "การรถไฟฟ้าขนส่งมวลชนแห่งประเทศไทย"
      }
    },
    {
      "type": "Feature",
      "id": 1638,
      "geometry": {
        "type": "Point",
        "coordinates": [
          100.52916530993664,
          13.9041111278627
        ]
      },
      "properties": {
        "OBJECTID": 1638,
        "NAME": "สถานีแจ้งวัฒนะ-ปากเกร็ด 28",
        "COLOR_T": "สายสีชมพู",
        "COLOR_E": "Pink Line",
        "ROUTE": "ปากเกร็ด - วงเวียนหลักสี่",
        "STATUS": "โครงข่ายปัจจุบันที่เปิดให้บริการแล้ว",
        "OWNER": "การรถไฟฟ้าขนส่งมวลชนแห่งประเทศไทย"
      }
    },
    {
      "type": "Feature",
      "id": 1639,
      "geometry": {
        "type": "Point",
        "coordinates": [
          100.54842691496603,
          13.897335653160987
        ]
      },
      "properties": {
        "OBJECTID": 1639,
        "NAME": "สถานีเมืองทองธานี",
        "COLOR_T": "สายสีชมพู",
        "COLOR_E": "Pink Line",
        "ROUTE": "ปากเกร็ด - วงเวียนหลักสี่",
        "STATUS": "โครงข่ายปัจจุบันที่เปิดให้บริการแล้ว",
        "OWNER": "การรถไฟฟ้าขนส่งมวลชนแห่งประเทศไทย"
      }
    },
    {
      "type": "Feature",
      "id": 1640,
      "geometry": {
        "type": "Point",
        "coordinates": [
          100.56022520165442,
          13.893281878609109
        ]
      },
      "properties": {
        "OBJECTID": 1640,
        "NAME": "สถานีแจ้งวัฒนะ 14",
        "COLOR_T": "สายสีชมพู",
        "COLOR_E": "Pink Line",
        "ROUTE": "ปากเกร็ด - วงเวียนหลักสี่",
        "STATUS": "โครงข่ายปัจจุบันที่เปิดให้บริการแล้ว",
        "OWNER": "การรถไฟฟ้าขนส่งมวลชนแห่งประเทศไทย"
      }
    },
    {
      "type": "Feature",
      "id": 1641,
      "geometry": {
        "type": "Point",
        "coordinates": [
          100.56726976502584,
          13.890739701047906
        ]
      },
      "properties": {
        "OBJECTID": 1641,
        "NAME": "สถานีศูนย์ราชการเฉลิมพระเกียรติ",
        "COLOR_T": "สายสีชมพู",
        "COLOR_E": "Pink Line",
        "ROUTE": "ปากเกร็ด - วงเวียนหลักสี่",
        "STATUS": "โครงข่ายปัจจุบันที่เปิดให้บริการแล้ว",
        "OWNER": "การรถไฟฟ้าขนส่งมวลชนแห่งประเทศไทย"
      }
    },
    {
      "type": "Feature",
      "id": 1642,
      "geometry": {
        "type": "Point",
        "coordinates": [
          100.58255389098898,
          13.88407388403004
        ]
      },
      "properties": {
        "OBJECTID": 1642,
        "NAME": "สถานีหลักสี่",
        "COLOR_T": "สายสีชมพู",
        "COLOR_E": "Pink Line",
        "ROUTE": "ปากเกร็ด - วงเวียนหลักสี่",
        "STATUS": "โครงข่ายปัจจุบันที่เปิดให้บริการแล้ว",
        "OWNER": "การรถไฟฟ้าขนส่งมวลชนแห่งประเทศไทย"
      }
    },
    {
      "type": "Feature",
      "id": 1643,
      "geometry": {
        "type": "Point",
        "coordinates": [
          100.589265783349,
          13.879890773322023
        ]
      },
      "properties": {
        "OBJECTID": 1643,
        "NAME": "สถานีราชภัฏพระนคร",
        "COLOR_T": "สายสีชมพู",
        "COLOR_E": "Pink Line",
        "ROUTE": "ปากเกร็ด - วงเวียนหลักสี่",
        "STATUS": "โครงข่ายปัจจุบันที่เปิดให้บริการแล้ว",
        "OWNER": "การรถไฟฟ้าขนส่งมวลชนแห่งประเทศไทย"
      }
    },
    {
      "type": "Feature",
      "id": 1644,
      "geometry": {
        "type": "Point",
        "coordinates": [
          100.59701580151327,
          13.874523160382704
        ]
      },
      "properties": {
        "OBJECTID": 1644,
        "NAME": "สถานีวัดพระศรีมหาธาตุ",
        "COLOR_T": "สายสีชมพู",
        "COLOR_E": "Pink Line",
        "ROUTE": "วงเวียนหลักสี่ - มีนบุรี",
        "STATUS": "โครงข่ายปัจจุบันที่เปิดให้บริการแล้ว",
        "OWNER": "การรถไฟฟ้าขนส่งมวลชนแห่งประเทศไทย"
      }
    },
    {
      "type": "Feature",
      "id": 1645,
      "geometry": {
        "type": "Point",
        "coordinates": [
          100.61776868486078,
          13.86278595030346
        ]
      },
      "properties": {
        "OBJECTID": 1645,
        "NAME": "สถานีลาดปลาเค้า",
        "COLOR_T": "สายสีชมพู",
        "COLOR_E": "Pink Line",
        "ROUTE": "วงเวียนหลักสี่ - มีนบุรี",
        "STATUS": "โครงข่ายปัจจุบันที่เปิดให้บริการแล้ว",
        "OWNER": "การรถไฟฟ้าขนส่งมวลชนแห่งประเทศไทย"
      }
    },
    {
      "type": "Feature",
      "id": 1646,
      "geometry": {
        "type": "Point",
        "coordinates": [
          100.62614382346457,
          13.858264244357535
        ]
      },
      "properties": {
        "OBJECTID": 1646,
        "NAME": "สถานีรามอินทรา กม.4",
        "COLOR_T": "สายสีชมพู",
        "COLOR_E": "Pink Line",
        "ROUTE": "วงเวียนหลักสี่ - มีนบุรี",
        "STATUS": "โครงข่ายปัจจุบันที่เปิดให้บริการแล้ว",
        "OWNER": "การรถไฟฟ้าขนส่งมวลชนแห่งประเทศไทย"
      }
    },
    {
      "type": "Feature",
      "id": 1648,
      "geometry": {
        "type": "Point",
        "coordinates": [
          100.65878643758977,
          13.840583132581648
        ]
      },
      "properties": {
        "OBJECTID": 1648,
        "NAME": "สถานีคู้บอน",
        "COLOR_T": "สายสีชมพู",
        "COLOR_E": "Pink Line",
        "ROUTE": "วงเวียนหลักสี่ - มีนบุรี",
        "STATUS": "โครงข่ายปัจจุบันที่เปิดให้บริการแล้ว",
        "OWNER": "การรถไฟฟ้าขนส่งมวลชนแห่งประเทศไทย"
      }
    },
    {
      "type": "Feature",
      "id": 1653,
      "geometry": {
        "type": "Point",
        "coordinates": [
          100.72568922418971,
          13.812537398310244
        ]
      },
      "properties": {
        "OBJECTID": 1653,
        "NAME": "สถานีตลาดมีนบุรี",
        "COLOR_T": "สายสีชมพู",
        "COLOR_E": "Pink Line",
        "ROUTE": "วงเวียนหลักสี่ - มีนบุรี",
        "STATUS": "โครงข่ายปัจจุบันที่เปิดให้บริการแล้ว",
        "OWNER": "การรถไฟฟ้าขนส่งมวลชนแห่งประเทศไทย"
      }
    },
    {
      "type": "Feature",
      "id": 1655,
      "geometry": {
        "type": "Point",
        "coordinates": [
          100.60263667344815,
          13.87091562575583
        ]
      },
      "properties": {
        "OBJECTID": 1655,
        "NAME": "สถานีรามอินทรา 3",
        "COLOR_T": "สายสีชมพู",
        "COLOR_E": "Pink Line",
        "ROUTE": "วงเวียนหลักสี่ - มีนบุรี",
        "STATUS": "โครงข่ายปัจจุบันที่เปิดให้บริการแล้ว",
        "OWNER": "การรถไฟฟ้าขนส่งมวลชนแห่งประเทศไทย"
      }
    },
    {
      "type": "Feature",
      "id": 1656,
      "geometry": {
        "type": "Point",
        "coordinates": [
          100.57575016263905,
          13.887518686766175
        ]
      },
      "properties": {
        "OBJECTID": 1656,
        "NAME": "สถานีโทรคมนาคมแห่งชาติ",
        "COLOR_T": "สายสีชมพู",
        "COLOR_E": "Pink Line",
        "ROUTE": "ปากเกร็ด - วงเวียนหลักสี่",
        "STATUS": "โครงข่ายปัจจุบันที่เปิดให้บริการแล้ว",
        "OWNER": "การรถไฟฟ้าขนส่งมวลชนแห่งประเทศไทย"
      }
    },
    {
      "type": "Feature",
      "id": 1657,
      "geometry": {
        "type": "Point",
        "coordinates": [
          100.63228392359467,
          13.854990651940959
        ]
      },
      "properties": {
        "OBJECTID": 1657,
        "NAME": "สถานีมัยลาภ",
        "COLOR_T": "สายสีชมพู",
        "COLOR_E": "Pink Line",
        "ROUTE": "วงเวียนหลักสี่ - มีนบุรี",
        "STATUS": "โครงข่ายปัจจุบันที่เปิดให้บริการแล้ว",
        "OWNER": "การรถไฟฟ้าขนส่งมวลชนแห่งประเทศไทย"
      }
    },
    {
      "type": "Feature",
      "id": 1658,
      "geometry": {
        "type": "Point",
        "coordinates": [
          100.65021300336161,
          13.84523417770289
        ]
      },
      "properties": {
        "OBJECTID": 1658,
        "NAME": "สถานีรามอินทรา กม.6",
        "COLOR_T": "สายสีชมพู",
        "COLOR_E": "Pink Line",
        "ROUTE": "วงเวียนหลักสี่ - มีนบุรี",
        "STATUS": "โครงข่ายปัจจุบันที่เปิดให้บริการแล้ว",
        "OWNER": "การรถไฟฟ้าขนส่งมวลชนแห่งประเทศไทย"
      }
    },
    {
      "type": "Feature",
      "id": 1659,
      "geometry": {
        "type": "Point",
        "coordinates": [
          100.66744917468962,
          13.833857983464055
        ]
      },
      "properties": {
        "OBJECTID": 1659,
        "NAME": "สถานีรามอินทรา กม.9",
        "COLOR_T": "สายสีชมพู",
        "COLOR_E": "Pink Line",
        "ROUTE": "วงเวียนหลักสี่ - มีนบุรี",
        "STATUS": "โครงข่ายปัจจุบันที่เปิดให้บริการแล้ว",
        "OWNER": "การรถไฟฟ้าขนส่งมวลชนแห่งประเทศไทย"
      }
    },
    {
      "type": "Feature",
      "id": 1660,
      "geometry": {
        "type": "Point",
        "coordinates": [
          100.54016574719002,
          13.90054793122423
        ]
      },
      "properties": {
        "OBJECTID": 1660,
        "NAME": "สถานีศรีรัช",
        "COLOR_T": "สายสีชมพู",
        "COLOR_E": "Pink Line",
        "ROUTE": "ปากเกร็ด - วงเวียนหลักสี่",
        "STATUS": "โครงข่ายปัจจุบันที่เปิดให้บริการแล้ว",
        "OWNER": "การรถไฟฟ้าขนส่งมวลชนแห่งประเทศไทย"
      }
    },
    {
      "type": "Feature",
      "id": 1661,
      "geometry": {
        "type": "Point",
        "coordinates": [
          100.51804624617127,
          13.859727501066608
        ]
      },
      "properties": {
        "OBJECTID": 1661,
        "NAME": "สถานีศูนย์ราชการนนทบุรี",
        "COLOR_T": "สายสีชมพู",
        "COLOR_E": "Pink Line",
        "ROUTE": "แคราย - ปากเกร็ด",
        "STATUS": "โครงข่ายปัจจุบันที่เปิดให้บริการแล้ว",
        "OWNER": "การรถไฟฟ้าขนส่งมวลชนแห่งประเทศไทย"
      }
    },
    {
      "type": "Feature",
      "id": 1662,
      "geometry": {
        "type": "Point",
        "coordinates": [
          100.57106013284255,
          13.765261485325523
        ]
      },
      "properties": {
        "OBJECTID": 1662,
        "NAME": "สถานีศูนย์วัฒนธรรมแห่งประเทศไทย",
        "COLOR_T": "สายสีส้ม",
        "COLOR_E": "Orange Line",
        "ROUTE": "ตลิ่งชัน - ศูนย์วัฒนธรรม",
        "STATUS": "กำลังก่อสร้าง",
        "OWNER": "การรถไฟฟ้าขนส่งมวลชนแห่งประเทศไทย"
      }
    },
    {
      "type": "Feature",
      "id": 1663,
      "geometry": {
        "type": "Point",
        "coordinates": [
          100.61800934922931,
          13.758980317019164
        ]
      },
      "properties": {
        "OBJECTID": 1663,
        "NAME": "สถานีรามคำแหง",
        "COLOR_T": "สายสีส้ม",
        "COLOR_E": "Orange Line",
        "ROUTE": "ศูนย์วัฒนธรรม - บางกะปิ",
        "STATUS": "กำลังก่อสร้าง",
        "OWNER": "การรถไฟฟ้าขนส่งมวลชนแห่งประเทศไทย"
      }
    },
    {
      "type": "Feature",
      "id": 1664,
      "geometry": {
        "type": "Point",
        "coordinates": [
          100.62660292293033,
          13.76054313930036
        ]
      },
      "properties": {
        "OBJECTID": 1664,
        "NAME": "สถานีสนามกีฬาหัวหมาก",
        "COLOR_T": "สายสีส้ม",
        "COLOR_E": "Orange Line",
        "ROUTE": "ศูนย์วัฒนธรรม - บางกะปิ",
        "STATUS": "กำลังก่อสร้าง",
        "OWNER": "การรถไฟฟ้าขนส่งมวลชนแห่งประเทศไทย"
      }
    },
    {
      "type": "Feature",
      "id": 1665,
      "geometry": {
        "type": "Point",
        "coordinates": [
          100.63810446628958,
          13.761868721365355
        ]
      },
      "properties": {
        "OBJECTID": 1665,
        "NAME": "สถานีหัวหมาก",
        "COLOR_T": "สายสีส้ม",
        "COLOR_E": "Orange Line",
        "ROUTE": "ศูนย์วัฒนธรรม - บางกะปิ",
        "STATUS": "กำลังก่อสร้าง",
        "OWNER": "การรถไฟฟ้าขนส่งมวลชนแห่งประเทศไทย"
      }
    },
    {
      "type": "Feature",
      "id": 1649,
      "geometry": {
        "type": "Point",
        "coordinates": [
          100.67706431770895,
          13.82453311208507
        ]
      },
      "properties": {
        "OBJECTID": 1649,
        "NAME": "สถานีวงแหวนตะวันออก",
        "COLOR_T": "สายสีชมพู",
        "COLOR_E": "Pink Line",
        "ROUTE": "วงเวียนหลักสี่ - มีนบุรี",
        "STATUS": "โครงข่ายปัจจุบันที่เปิดให้บริการแล้ว",
        "OWNER": "การรถไฟฟ้าขนส่งมวลชนแห่งประเทศไทย"
      }
    },
    {
      "type": "Feature",
      "id": 1650,
      "geometry": {
        "type": "Point",
        "coordinates": [
          100.6855484179385,
          13.816576999197538
        ]
      },
      "properties": {
        "OBJECTID": 1650,
        "NAME": "สถานีนพรัตน์",
        "COLOR_T": "สายสีชมพู",
        "COLOR_E": "Pink Line",
        "ROUTE": "วงเวียนหลักสี่ - มีนบุรี",
        "STATUS": "โครงข่ายปัจจุบันที่เปิดให้บริการแล้ว",
        "OWNER": "การรถไฟฟ้าขนส่งมวลชนแห่งประเทศไทย"
      }
    },
    {
      "type": "Feature",
      "id": 1651,
      "geometry": {
        "type": "Point",
        "coordinates": [
          100.70282621351934,
          13.81273451608767
        ]
      },
      "properties": {
        "OBJECTID": 1651,
        "NAME": "สถานีบางชัน",
        "COLOR_T": "สายสีชมพู",
        "COLOR_E": "Pink Line",
        "ROUTE": "วงเวียนหลักสี่ - มีนบุรี",
        "STATUS": "โครงข่ายปัจจุบันที่เปิดให้บริการแล้ว",
        "OWNER": "การรถไฟฟ้าขนส่งมวลชนแห่งประเทศไทย"
      }
    },
    {
      "type": "Feature",
      "id": 1652,
      "geometry": {
        "type": "Point",
        "coordinates": [
          100.7125293975531,
          13.812726213672313
        ]
      },
      "properties": {
        "OBJECTID": 1652,
        "NAME": "สถานีเศรษฐบุตรบำเพ็ญ",
        "COLOR_T": "สายสีชมพู",
        "COLOR_E": "Pink Line",
        "ROUTE": "วงเวียนหลักสี่ - มีนบุรี",
        "STATUS": "โครงข่ายปัจจุบันที่เปิดให้บริการแล้ว",
        "OWNER": "การรถไฟฟ้าขนส่งมวลชนแห่งประเทศไทย"
      }
    },
    {
      "type": "Feature",
      "id": 1666,
      "geometry": {
        "type": "Point",
        "coordinates": [
          100.64671504983414,
          13.762826843265575
        ]
      },
      "properties": {
        "OBJECTID": 1666,
        "NAME": "สถานีลำสาลี",
        "COLOR_T": "สายสีส้ม",
        "COLOR_E": "Orange Line",
        "ROUTE": "บางกะปิ - มีนบุรี",
        "STATUS": "กำลังก่อสร้าง",
        "OWNER": "การรถไฟฟ้าขนส่งมวลชนแห่งประเทศไทย"
      }
    },
    {
      "type": "Feature",
      "id": 1667,
      "geometry": {
        "type": "Point",
        "coordinates": [
          100.65859015076393,
          13.768126181612763
        ]
      },
      "properties": {
        "OBJECTID": 1667,
        "NAME": "สถานีศรีบูรพา",
        "COLOR_T": "สายสีส้ม",
        "COLOR_E": "Orange Line",
        "ROUTE": "บางกะปิ - มีนบุรี",
        "STATUS": "กำลังก่อสร้าง",
        "OWNER": "การรถไฟฟ้าขนส่งมวลชนแห่งประเทศไทย"
      }
    },
    {
      "type": "Feature",
      "id": 1668,
      "geometry": {
        "type": "Point",
        "coordinates": [
          100.6681812988844,
          13.77405328900527
        ]
      },
      "properties": {
        "OBJECTID": 1668,
        "NAME": "สถานีคลองบ้านม้า",
        "COLOR_T": "สายสีส้ม",
        "COLOR_E": "Orange Line",
        "ROUTE": "บางกะปิ - มีนบุรี",
        "STATUS": "กำลังก่อสร้าง",
        "OWNER": "การรถไฟฟ้าขนส่งมวลชนแห่งประเทศไทย"
      }
    },
    {
      "type": "Feature",
      "id": 1669,
      "geometry": {
        "type": "Point",
        "coordinates": [
          100.67586465983872,
          13.778276546635466
        ]
      },
      "properties": {
        "OBJECTID": 1669,
        "NAME": "สถานีสัมมากร",
        "COLOR_T": "สายสีส้ม",
        "COLOR_E": "Orange Line",
        "ROUTE": "บางกะปิ - มีนบุรี",
        "STATUS": "กำลังก่อสร้าง",
        "OWNER": "การรถไฟฟ้าขนส่งมวลชนแห่งประเทศไทย"
      }
    },
    {
      "type": "Feature",
      "id": 1670,
      "geometry": {
        "type": "Point",
        "coordinates": [
          100.69137778404586,
          13.786867856288358
        ]
      },
      "properties": {
        "OBJECTID": 1670,
        "NAME": "สถานีน้อมเกล้า",
        "COLOR_T": "สายสีส้ม",
        "COLOR_E": "Orange Line",
        "ROUTE": "บางกะปิ - มีนบุรี",
        "STATUS": "กำลังก่อสร้าง",
        "OWNER": "การรถไฟฟ้าขนส่งมวลชนแห่งประเทศไทย"
      }
    },
    {
      "type": "Feature",
      "id": 1671,
      "geometry": {
        "type": "Point",
        "coordinates": [
          100.70023596195342,
          13.791646449603773
        ]
      },
      "properties": {
        "OBJECTID": 1671,
        "NAME": "สถานีราษฎร์พัฒนา",
        "COLOR_T": "สายสีส้ม",
        "COLOR_E": "Orange Line",
        "ROUTE": "บางกะปิ - มีนบุรี",
        "STATUS": "กำลังก่อสร้าง",
        "OWNER": "การรถไฟฟ้าขนส่งมวลชนแห่งประเทศไทย"
      }
    },
    {
      "type": "Feature",
      "id": 1672,
      "geometry": {
        "type": "Point",
        "coordinates": [
          100.71105773572461,
          13.797352950980336
        ]
      },
      "properties": {
        "OBJECTID": 1672,
        "NAME": "สถานีมีนพัฒนา",
        "COLOR_T": "สายสีส้ม",
        "COLOR_E": "Orange Line",
        "ROUTE": "บางกะปิ - มีนบุรี",
        "STATUS": "กำลังก่อสร้าง",
        "OWNER": "การรถไฟฟ้าขนส่งมวลชนแห่งประเทศไทย"
      }
    },
    {
      "type": "Feature",
      "id": 1674,
      "geometry": {
        "type": "Point",
        "coordinates": [
          100.73291922578547,
          13.809913163628424
        ]
      },
      "properties": {
        "OBJECTID": 1674,
        "NAME": "สถานีมีนบุรี",
        "COLOR_T": "สายสีส้ม",
        "COLOR_E": "Orange Line",
        "ROUTE": "บางกะปิ - มีนบุรี",
        "STATUS": "กำลังก่อสร้าง",
        "OWNER": "การรถไฟฟ้าขนส่งมวลชนแห่งประเทศไทย"
      }
    },
    {
      "type": "Feature",
      "id": 1675,
      "geometry": {
        "type": "Point",
        "coordinates": [
          100.60982762141946,
          13.751587374371168
        ]
      },
      "properties": {
        "OBJECTID": 1675,
        "NAME": "สถานีรามคำแหง 12",
        "COLOR_T": "สายสีส้ม",
        "COLOR_E": "Orange Line",
        "ROUTE": "ศูนย์วัฒนธรรม - บางกะปิ",
        "STATUS": "กำลังก่อสร้าง",
        "OWNER": "การรถไฟฟ้าขนส่งมวลชนแห่งประเทศไทย"
      }
    },
    {
      "type": "Feature",
      "id": 1676,
      "geometry": {
        "type": "Point",
        "coordinates": [
          100.59205563985309,
          13.75238734678805
        ]
      },
      "properties": {
        "OBJECTID": 1676,
        "NAME": "สถานีประดิษฐ์มนูธรรม",
        "COLOR_T": "สายสีส้ม",
        "COLOR_E": "Orange Line",
        "ROUTE": "ศูนย์วัฒนธรรม - บางกะปิ",
        "STATUS": "กำลังก่อสร้าง",
        "OWNER": "การรถไฟฟ้าขนส่งมวลชนแห่งประเทศไทย"
      }
    },
    {
      "type": "Feature",
      "id": 1677,
      "geometry": {
        "type": "Point",
        "coordinates": [
          100.5781106544976,
          13.755545250666506
        ]
      },
      "properties": {
        "OBJECTID": 1677,
        "NAME": "สถานีรฟม.",
        "COLOR_T": "สายสีส้ม",
        "COLOR_E": "Orange Line",
        "ROUTE": "ศูนย์วัฒนธรรม - บางกะปิ",
        "STATUS": "กำลังก่อสร้าง",
        "OWNER": "การรถไฟฟ้าขนส่งมวลชนแห่งประเทศไทย"
      }
    },
    {
      "type": "Feature",
      "id": 1678,
      "geometry": {
        "type": "Point",
        "coordinates": [
          100.73893750153174,
          13.81324734352522
        ]
      },
      "properties": {
        "OBJECTID": 1678,
        "NAME": "สถานีแยกร่มเกล้า",
        "COLOR_T": "สายสีส้ม",
        "COLOR_E": "Orange Line",
        "ROUTE": "บางกะปิ - มีนบุรี",
        "STATUS": "กำลังก่อสร้าง",
        "OWNER": "การรถไฟฟ้าขนส่งมวลชนแห่งประเทศไทย"
      }
    },
    {
      "type": "Feature",
      "id": 1713,
      "geometry": {
        "type": "Point",
        "coordinates": [
          100.57483752955888,
          13.806938243394248
        ]
      },
      "properties": {
        "OBJECTID": 1713,
        "NAME": "สถานีลาดพร้าว",
        "COLOR_T": "สายสีเหลือง",
        "COLOR_E": "Yellow Line",
        "ROUTE": "ลาดพร้าว - พัฒนาการ",
        "STATUS": "โครงข่ายปัจจุบันที่เปิดให้บริการแล้ว",
        "OWNER": "การรถไฟฟ้าขนส่งมวลชนแห่งประเทศไทย"
      }
    },
    {
      "type": "Feature",
      "id": 1714,
      "geometry": {
        "type": "Point",
        "coordinates": [
          100.58417049215485,
          13.800158072266358
        ]
      },
      "properties": {
        "OBJECTID": 1714,
        "NAME": "สถานีภาวนา",
        "COLOR_T": "สายสีเหลือง",
        "COLOR_E": "Yellow Line",
        "ROUTE": "ลาดพร้าว - พัฒนาการ",
        "STATUS": "โครงข่ายปัจจุบันที่เปิดให้บริการแล้ว",
        "OWNER": "การรถไฟฟ้าขนส่งมวลชนแห่งประเทศไทย"
      }
    },
    {
      "type": "Feature",
      "id": 1715,
      "geometry": {
        "type": "Point",
        "coordinates": [
          100.59433532439711,
          13.794490181768998
        ]
      },
      "properties": {
        "OBJECTID": 1715,
        "NAME": "สถานีโชคชัย 4",
        "COLOR_T": "สายสีเหลือง",
        "COLOR_E": "Yellow Line",
        "ROUTE": "ลาดพร้าว - พัฒนาการ",
        "STATUS": "โครงข่ายปัจจุบันที่เปิดให้บริการแล้ว",
        "OWNER": "การรถไฟฟ้าขนส่งมวลชนแห่งประเทศไทย"
      }
    },
    {
      "type": "Feature",
      "id": 1716,
      "geometry": {
        "type": "Point",
        "coordinates": [
          100.60744382452751,
          13.78715804585712
        ]
      },
      "properties": {
        "OBJECTID": 1716,
        "NAME": "สถานีลาดพร้าว 71",
        "COLOR_T": "สายสีเหลือง",
        "COLOR_E": "Yellow Line",
        "ROUTE": "ลาดพร้าว - พัฒนาการ",
        "STATUS": "โครงข่ายปัจจุบันที่เปิดให้บริการแล้ว",
        "OWNER": "การรถไฟฟ้าขนส่งมวลชนแห่งประเทศไทย"
      }
    },
    {
      "type": "Feature",
      "id": 1717,
      "geometry": {
        "type": "Point",
        "coordinates": [
          100.61360387460041,
          13.783728329953021
        ]
      },
      "properties": {
        "OBJECTID": 1717,
        "NAME": "สถานีลาดพร้าว 83",
        "COLOR_T": "สายสีเหลือง",
        "COLOR_E": "Yellow Line",
        "ROUTE": "ลาดพร้าว - พัฒนาการ",
        "STATUS": "โครงข่ายปัจจุบันที่เปิดให้บริการแล้ว",
        "OWNER": "การรถไฟฟ้าขนส่งมวลชนแห่งประเทศไทย"
      }
    },
    {
      "type": "Feature",
      "id": 1718,
      "geometry": {
        "type": "Point",
        "coordinates": [
          100.62308944823036,
          13.77841048478401
        ]
      },
      "properties": {
        "OBJECTID": 1718,
        "NAME": "สถานีมหาดไทย",
        "COLOR_T": "สายสีเหลือง",
        "COLOR_E": "Yellow Line",
        "ROUTE": "ลาดพร้าว - พัฒนาการ",
        "STATUS": "โครงข่ายปัจจุบันที่เปิดให้บริการแล้ว",
        "OWNER": "การรถไฟฟ้าขนส่งมวลชนแห่งประเทศไทย"
      }
    },
    {
      "type": "Feature",
      "id": 1719,
      "geometry": {
        "type": "Point",
        "coordinates": [
          100.63962454433391,
          13.769162148886515
        ]
      },
      "properties": {
        "OBJECTID": 1719,
        "NAME": "สถานีบางกะปิ",
        "COLOR_T": "สายสีเหลือง",
        "COLOR_E": "Yellow Line",
        "ROUTE": "ลาดพร้าว - พัฒนาการ",
        "STATUS": "โครงข่ายปัจจุบันที่เปิดให้บริการแล้ว",
        "OWNER": "การรถไฟฟ้าขนส่งมวลชนแห่งประเทศไทย"
      }
    },
    {
      "type": "Feature",
      "id": 1720,
      "geometry": {
        "type": "Point",
        "coordinates": [
          100.64478643269163,
          13.750360285413239
        ]
      },
      "properties": {
        "OBJECTID": 1720,
        "NAME": "สถานีศรีกรีฑา",
        "COLOR_T": "สายสีเหลือง",
        "COLOR_E": "Yellow Line",
        "ROUTE": "ลาดพร้าว - พัฒนาการ",
        "STATUS": "โครงข่ายปัจจุบันที่เปิดให้บริการแล้ว",
        "OWNER": "การรถไฟฟ้าขนส่งมวลชนแห่งประเทศไทย"
      }
    },
    {
      "type": "Feature",
      "id": 1721,
      "geometry": {
        "type": "Point",
        "coordinates": [
          100.64116123380339,
          13.7362462122232
        ]
      },
      "properties": {
        "OBJECTID": 1721,
        "NAME": "สถานีหัวหมาก",
        "COLOR_T": "สายสีเหลือง",
        "COLOR_E": "Yellow Line",
        "ROUTE": "พัฒนาการ - สำโรง",
        "STATUS": "โครงข่ายปัจจุบันที่เปิดให้บริการแล้ว",
        "OWNER": "การรถไฟฟ้าขนส่งมวลชนแห่งประเทศไทย"
      }
    },
    {
      "type": "Feature",
      "id": 1722,
      "geometry": {
        "type": "Point",
        "coordinates": [
          100.64414372358256,
          13.711099553435313
        ]
      },
      "properties": {
        "OBJECTID": 1722,
        "NAME": "สถานีศรีนุช",
        "COLOR_T": "สายสีเหลือง",
        "COLOR_E": "Yellow Line",
        "ROUTE": "พัฒนาการ - สำโรง",
        "STATUS": "โครงข่ายปัจจุบันที่เปิดให้บริการแล้ว",
        "OWNER": "การรถไฟฟ้าขนส่งมวลชนแห่งประเทศไทย"
      }
    },
    {
      "type": "Feature",
      "id": 1723,
      "geometry": {
        "type": "Point",
        "coordinates": [
          100.64647379367169,
          13.701073732586265
        ]
      },
      "properties": {
        "OBJECTID": 1723,
        "NAME": "สถานีศรีนรินทร์ 38",
        "COLOR_T": "สายสีเหลือง",
        "COLOR_E": "Yellow Line",
        "ROUTE": "พัฒนาการ - สำโรง",
        "STATUS": "โครงข่ายปัจจุบันที่เปิดให้บริการแล้ว",
        "OWNER": "การรถไฟฟ้าขนส่งมวลชนแห่งประเทศไทย"
      }
    },
    {
      "type": "Feature",
      "id": 1724,
      "geometry": {
        "type": "Point",
        "coordinates": [
          100.64615829758921,
          13.676570831551238
        ]
      },
      "properties": {
        "OBJECTID": 1724,
        "NAME": "สถานีศรีอุดม",
        "COLOR_T": "สายสีเหลือง",
        "COLOR_E": "Yellow Line",
        "ROUTE": "พัฒนาการ - สำโรง",
        "STATUS": "โครงข่ายปัจจุบันที่เปิดให้บริการแล้ว",
        "OWNER": "การรถไฟฟ้าขนส่งมวลชนแห่งประเทศไทย"
      }
    },
    {
      "type": "Feature",
      "id": 1725,
      "geometry": {
        "type": "Point",
        "coordinates": [
          100.64510292480573,
          13.66762086815459
        ]
      },
      "properties": {
        "OBJECTID": 1725,
        "NAME": "สถานีศรีเอี่ยม",
        "COLOR_T": "สายสีเหลือง",
        "COLOR_E": "Yellow Line",
        "ROUTE": "พัฒนาการ - สำโรง",
        "STATUS": "โครงข่ายปัจจุบันที่เปิดให้บริการแล้ว",
        "OWNER": "การรถไฟฟ้าขนส่งมวลชนแห่งประเทศไทย"
      }
    },
    {
      "type": "Feature",
      "id": 1726,
      "geometry": {
        "type": "Point",
        "coordinates": [
          100.6421189447451,
          13.654993574615872
        ]
      },
      "properties": {
        "OBJECTID": 1726,
        "NAME": "สถานีศรีลาซาล",
        "COLOR_T": "สายสีเหลือง",
        "COLOR_E": "Yellow Line",
        "ROUTE": "พัฒนาการ - สำโรง",
        "STATUS": "โครงข่ายปัจจุบันที่เปิดให้บริการแล้ว",
        "OWNER": "การรถไฟฟ้าขนส่งมวลชนแห่งประเทศไทย"
      }
    },
    {
      "type": "Feature",
      "id": 1727,
      "geometry": {
        "type": "Point",
        "coordinates": [
          100.6362613402729,
          13.643419618664385
        ]
      },
      "properties": {
        "OBJECTID": 1727,
        "NAME": "สถานีศรีแบริ่ง",
        "COLOR_T": "สายสีเหลือง",
        "COLOR_E": "Yellow Line",
        "ROUTE": "พัฒนาการ - สำโรง",
        "STATUS": "โครงข่ายปัจจุบันที่เปิดให้บริการแล้ว",
        "OWNER": "การรถไฟฟ้าขนส่งมวลชนแห่งประเทศไทย"
      }
    },
    {
      "type": "Feature",
      "id": 1728,
      "geometry": {
        "type": "Point",
        "coordinates": [
          100.63013605260682,
          13.633075706801183
        ]
      },
      "properties": {
        "OBJECTID": 1728,
        "NAME": "สถานีศรีด่าน",
        "COLOR_T": "สายสีเหลือง",
        "COLOR_E": "Yellow Line",
        "ROUTE": "พัฒนาการ - สำโรง",
        "STATUS": "โครงข่ายปัจจุบันที่เปิดให้บริการแล้ว",
        "OWNER": "การรถไฟฟ้าขนส่งมวลชนแห่งประเทศไทย"
      }
    },
    {
      "type": "Feature",
      "id": 1729,
      "geometry": {
        "type": "Point",
        "coordinates": [
          100.62274380870456,
          13.629908935040962
        ]
      },
      "properties": {
        "OBJECTID": 1729,
        "NAME": "สถานีศรีเทพา",
        "COLOR_T": "สายสีเหลือง",
        "COLOR_E": "Yellow Line",
        "ROUTE": "พัฒนาการ - สำโรง",
        "STATUS": "โครงข่ายปัจจุบันที่เปิดให้บริการแล้ว",
        "OWNER": "การรถไฟฟ้าขนส่งมวลชนแห่งประเทศไทย"
      }
    },
    {
      "type": "Feature",
      "id": 1730,
      "geometry": {
        "type": "Point",
        "coordinates": [
          100.60995855798554,
          13.636759907871879
        ]
      },
      "properties": {
        "OBJECTID": 1730,
        "NAME": "สถานีทิพวัล",
        "COLOR_T": "สายสีเหลือง",
        "COLOR_E": "Yellow Line",
        "ROUTE": "พัฒนาการ - สำโรง",
        "STATUS": "โครงข่ายปัจจุบันที่เปิดให้บริการแล้ว",
        "OWNER": "การรถไฟฟ้าขนส่งมวลชนแห่งประเทศไทย"
      }
    },
    {
      "type": "Feature",
      "id": 1731,
      "geometry": {
        "type": "Point",
        "coordinates": [
          100.59648616173641,
          13.645121571424129
        ]
      },
      "properties": {
        "OBJECTID": 1731,
        "NAME": "สถานีสำโรง",
        "COLOR_T": "สายสีเหลือง",
        "COLOR_E": "Yellow Line",
        "ROUTE": "พัฒนาการ - สำโรง",
        "STATUS": "โครงข่ายปัจจุบันที่เปิดให้บริการแล้ว",
        "OWNER": "การรถไฟฟ้าขนส่งมวลชนแห่งประเทศไทย"
      }
    },
    {
      "type": "Feature",
      "id": 1631,
      "geometry": {
        "type": "Point",
        "coordinates": [
          100.51398262304934,
          13.860183204515646
        ]
      },
      "properties": {
        "OBJECTID": 1631,
        "NAME": "สถานีศูนย์ราชการนนทบุรี",
        "COLOR_T": "สายสีชมพู",
        "COLOR_E": "Pink Line",
        "ROUTE": "แคราย - ปากเกร็ด",
        "STATUS": "โครงข่ายปัจจุบันที่เปิดให้บริการแล้ว",
        "OWNER": "การรถไฟฟ้าขนส่งมวลชนแห่งประเทศไทย"
      }
    },
    {
      "type": "Feature",
      "id": 1647,
      "geometry": {
        "type": "Point",
        "coordinates": [
          100.6429193730931,
          13.849207122667101
        ]
      },
      "properties": {
        "OBJECTID": 1647,
        "NAME": "สถานีวัชรพล",
        "COLOR_T": "สายสีชมพู",
        "COLOR_E": "Pink Line",
        "ROUTE": "วงเวียนหลักสี่ - มีนบุรี",
        "STATUS": "โครงข่ายปัจจุบันที่เปิดให้บริการแล้ว",
        "OWNER": "การรถไฟฟ้าขนส่งมวลชนแห่งประเทศไทย"
      }
    },
    {
      "type": "Feature",
      "id": 1654,
      "geometry": {
        "type": "Point",
        "coordinates": [
          100.7326658198351,
          13.808338487996675
        ]
      },
      "properties": {
        "OBJECTID": 1654,
        "NAME": "สถานีมีนบุรี",
        "COLOR_T": "สายสีชมพู",
        "COLOR_E": "Pink Line",
        "ROUTE": "วงเวียนหลักสี่ - มีนบุรี",
        "STATUS": "โครงข่ายปัจจุบันที่เปิดให้บริการแล้ว",
        "OWNER": "การรถไฟฟ้าขนส่งมวลชนแห่งประเทศไทย"
      }
    }
  ]
}